DATE,UPI APP,VOL(Million),VOL(Cr),Column6,Column7,Column8,Column9,Column10,Column11,Column12,Column13,
31/01/2022,Airtel Payments Bank Apps,8.53,204745.00%,-,-,-,-,4.69,"2,682.32",13.22,"4,729.77",
31/01/2022,Allahabad Bank App,0.02,736.00%,-,-,-,-,-,-,0.02,7.36,
31/01/2022,Amazon Pay,73.5,672966.00%,-,-,-,-,-,-,73.5,"6,729.66",
31/01/2022,AU Small Finance Bank App,0.23,8115.00%,-,-,-,-,-,-,0.23,81.15,
31/01/2022,Axis Bank Apps,6.78,105877.00%,4047.00%,3425.00%,-,-,-,-,47.25,"1,093.02",
31/01/2022,Bajaj Finserv,0.24,1288.00%,-,-,-,-,-,-,0.24,12.88,
31/01/2022,Bank of Baroda Apps,0.71,34285.00%,-,-,-,-,-,-,0.71,342.85,
31/01/2022,Bank of India App,0.05,2023.00%,-,-,-,-,-,-,0.05,20.23,
31/01/2022,Bank of Maharashtra App,0.05,1246.00%,-,-,-,-,-,-,0.05,12.46,
31/01/2022,BHIM,25.82,851191.00%,-,-,-,-,-,-,25.82,"8,511.91",
31/01/2022,Canara Bank App,0.26,9895.00%,-,-,-,-,-,-,0.26,98.95,
31/01/2022,Central Bank of India App,0.13,4733.00%,-,-,-,-,-,-,0.13,47.33,
31/01/2022,Citi Bank App,0.09,7780.00%,-,-,-,-,-,-,0.09,77.8,
31/01/2022,City Union Bank App,0.02,492.00%,-,-,-,-,-,-,0.02,4.92,
31/01/2022,Cointab,1.21,17922.00%,-,-,-,-,-,-,1.21,179.22,
31/01/2022,Cred,10.68,1418986.00%,-,-,-,-,-,-,10.68,"14,189.86",
31/01/2022,DBS Digibank App,0.51,18679.00%,-,-,-,-,-,-,0.51,186.79,
31/01/2022,Dena Bank App,0.02,2650.00%,-,-,-,-,-,-,0.02,26.5,
31/01/2022,Deutsche Bank App,0.92,6195.00%,-,-,-,13.00%,-,-,0.92,62.08,
31/01/2022,Dhanlaxmi Bank App,0.01,295.00%,-,-,-,-,-,-,0.01,2.95,
31/01/2022,Federal Bank App,0.54,10925.00%,-,-,-,-,-,-,0.54,109.25,
31/01/2022,Fino Payments bank App,0.03,279.00%,-,-,-,-,-,-,0.03,2.79,
31/01/2022,Finshell Pay,0.07,369.00%,-,-,-,-,-,-,0.07,3.69,
31/01/2022,Google Pay,"1,584.20",29826707.00%,-,-,-,-,-,-,"1,584.20","298,267.07",
31/01/2022,HDFC Bank Apps,4.94,136689.00%,-,-,-,-,-,-,4.94,"1,366.89",
31/01/2022,HSBC Bank App,0.08,5447.00%,0.00%,9.00%,-,-,-,-,0.08,54.57,
31/01/2022,ICICI Bank Apps,29.87,849118.00%,357.00%,21587.00%,-,-,-,-,33.43,"8,707.05",
31/01/2022,IDBI Bank App,0.02,1254.00%,-,-,-,-,-,-,0.02,12.54,
31/01/2022,IDFC Bank App,1.22,31637.00%,-,-,-,-,-,-,1.22,316.37,
31/01/2022,India Post Payments Bank App,2.65,30942.00%,-,-,-,-,-,-,2.65,309.42,
31/01/2022,Indian Bank App,0.13,4742.00%,-,-,-,-,-,-,0.13,47.42,
31/01/2022,IndusInd Bank App,0.74,121879.00%,-,-,-,-,-,-,0.74,"1,218.79",
31/01/2022,Jammu and Kashmir Bank App,0.01,247.00%,-,-,-,-,-,-,0.01,2.47,
31/01/2022,Janta Sahakari Bank App,0.01,446.00%,-,-,-,-,-,-,0.01,4.46,
31/01/2022,Jio Payments Bank App,2.05,11439.00%,-,-,-,-,-,-,2.05,114.39,
31/01/2022,Jupiter Money,1.02,15615.00%,-,-,-,-,-,-,1.02,156.15,
31/01/2022,Karnataka Bank App,0.25,3119.00%,-,-,-,-,-,-,0.25,31.19,
31/01/2022,Karur Vysya Bank App,0.04,1737.00%,-,-,-,-,-,-,0.04,17.37,
31/01/2022,Kotak Mahindra Bank Apps,6.88,133306.00%,-,-,-,-,-,-,6.88,"1,333.06",
31/01/2022,MakeMy Trip,0.06,1963.00%,-,-,-,-,-,-,0.06,19.63,
31/01/2022,MI Pay,0.27,4051.00%,-,-,-,-,-,-,0.27,40.51,
31/01/2022,Mobikwik,3.87,88655.00%,-,-,-,-,-,-,3.87,886.55,
31/01/2022,NSDL Payments Bank App,0.02,145.00%,-,-,-,-,-,-,0.02,1.45,
31/01/2022,Paytm Payments Bank App,615.9,7089201.00%,800.00%,1336.00%,-,-,86.38,"14,220.60",710.28,"85,125.97",
31/01/2022,PhonePe,"2,140.28",40517378.00%,-,-,-,-,-,-,"2,140.28","405,173.78",
31/01/2022,Punjab National Bank App,0.09,4486.00%,-,-,-,0.00%,-,-,0.09,44.86,
31/01/2022,Punjab Sindh Bank App,0.01,287.00%,-,-,-,-,-,-,0.01,2.87,
31/01/2022,RBL Bank App,0.42,10145.00%,-,-,0.01,0.00%,-,-,0.43,101.45,
31/01/2022,Samsung Pay,3.17,43107.00%,-,-,-,-,-,-,3.17,431.07,
31/01/2022,South Indian Bank App,0.13,4140.00%,-,-,-,-,-,-,0.13,41.4,
28/02/2022,Airtel Payments Bank Apps,5.80,119946.00%,-,-,-,-,1.77,"1,010.71",7.58,"2,210.17",
28/02/2022,Allahabad Bank App,0.02,628.00%,-,-,-,-,-,-,0.02,6.28,
28/02/2022,Amazon Pay,63.49,604447.00%,-,-,-,-,-,-,63.49,"6,044.47",
28/02/2022,AU Small Finance Bank App,0.25,8936.00%,-,-,-,-,-,-,0.25,89.36,
28/02/2022,Axis Bank Apps,6.9,136634.00%,4788.00%,3891.00%,0,0.00%,-,-,54.78,"1,405.26",
28/02/2022,Bajaj Finserv,0.33,1932.00%,-,-,-,-,-,-,0.33,19.32,
28/02/2022,Bank of Baroda Apps,0.67,33069.00%,-,-,0,0.00%,-,-,0.67,330.69,
28/02/2022,Bank of India App,0.05,2128.00%,-,-,-,-,-,-,0.05,21.28,
28/02/2022,Bank of Maharashtra App,0.05,1249.00%,-,-,-,-,-,-,0.05,12.49,
28/02/2022,BHIM,23.25,789186.00%,-,-,-,-,-,-,23.25,"7,891.86",
28/02/2022,Canara Bank App,0.26,9578.00%,-,-,-,-,-,-,0.26,95.78,
28/02/2022,Central Bank of India App,0.12,4526.00%,-,-,-,-,-,-,0.12,45.26,
28/02/2022,Citi Bank App,0.08,6922.00%,-,-,-,-,-,-,0.08,69.22,
28/02/2022,City Union Bank App,0.02,549.00%,-,-,-,-,-,-,0.02,5.49,
28/02/2022,Cointab,1.73,28057.00%,-,-,-,-,-,-,1.73,280.57,
28/02/2022,Cred,10.08,1336409.00%,-,-,-,-,-,-,10.08,"13,364.09",
28/02/2022,DBS Digibank App,0.46,17363.00%,-,-,-,-,-,-,0.46,173.63,
28/02/2022,Dena Bank App,0.02,2393.00%,-,-,-,-,-,-,0.02,23.93,
28/02/2022,Deutsche Bank App,0.87,7043.00%,-,-,-,-,-,-,0.87,70.43,
28/02/2022,Dhanlaxmi Bank App,0.01,283.00%,-,-,-,-,-,-,0.01,2.83,
28/02/2022,Federal Bank App,0.55,10821.00%,-,-,0,0.00%,-,-,0.55,108.21,
28/02/2022,Fino Payments bank App,0.03,325.00%,-,-,-,-,-,-,0.03,3.25,
28/02/2022,Finshell Pay,0.06,380.00%,-,-,-,-,-,-,0.06,3.8,
28/02/2022,Google Pay,"1,524.09",29127346.00%,-,-,-,-,-,-,"1,524.09","291,273.46",
28/02/2022,HDFC Bank Apps,4.59,137003.00%,-,-,-,-,-,-,4.59,"1,370.03",
28/02/2022,HSBC Bank App,0.08,5294.00%,0.00%,4.00%,-,-,-,-,0.08,52.97,
28/02/2022,ICICI Bank Apps,27.39,853711.00%,327.00%,19034.00%,-,-,-,-,30.66,"8,727.44",
28/02/2022,IDBI Bank App,0.02,1460.00%,-,-,-,-,-,-,0.02,14.6,
28/02/2022,IDFC Bank App,1.21,32193.00%,-,-,0,0.00%,-,-,1.21,321.93,
28/02/2022,India Post Payments Bank App,2.21,26890.00%,-,-,-,-,-,-,2.21,268.9,
28/02/2022,Indian Bank App,0.11,4207.00%,-,-,-,-,-,-,0.11,42.07,
28/02/2022,IndusInd Bank App,0.77,135824.00%,-,-,-,-,-,-,0.77,"1,358.24",
28/02/2022,Jammu and Kashmir Bank App,0.01,343.00%,-,-,-,-,-,-,0.01,3.43,
28/02/2022,Janta Sahakari Bank App,0.01,433.00%,-,-,-,-,-,-,0.01,4.33,
28/02/2022,Jio Payments Bank App,1.97,11185.00%,-,-,-,-,-,-,1.97,111.85,
28/02/2022,Jupiter Money,1.13,14079.00%,-,-,-,-,-,-,1.13,140.79,
28/02/2022,Karnataka Bank App,0.25,3135.00%,-,-,-,-,-,-,0.25,31.35,
28/02/2022,Karur Vysya Bank App,0.04,1717.00%,-,-,-,-,-,-,0.04,17.17,
28/02/2022,Kotak Mahindra Bank Apps,6.91,138330.00%,-,-,-,-,-,-,6.91,"1,383.30",
28/02/2022,MakeMy Trip,0.08,3303.00%,-,-,-,-,-,-,0.08,33.03,
28/02/2022,MI Pay,0.25,3846.00%,-,-,-,-,-,-,0.25,38.46,
28/02/2022,Mobikwik,3.78,75589.00%,-,-,-,-,-,-,3.78,755.89,
28/02/2022,NSDL Payments Bank App,0.02,177.00%,-,-,-,-,-,-,0.02,1.77,
28/02/2022,Paytm Payments Bank App,613.77,7220432.00%,848.00%,1896.00%,-,-,84.52,"14,075.94",706.77,"86,299.22",
28/02/2022,PhonePe,"2,120.20",40764011.00%,-,-,-,-,-,-,"2,120.20","407,640.11",
28/02/2022,Punjab National Bank App,0.08,4349.00%,-,-,-,-,-,-,0.08,43.49,
28/02/2022,Punjab Sindh Bank Apps,0.01,266.00%,-,-,-,-,-,-,0.01,2.66,
28/02/2022,RBL Bank App,0.51,10725.00%,-,-,0,0.00%,-,-,0.51,107.25,
28/02/2022,Samsung Pay,3.14,42197.00%,-,-,-,-,-,-,3.14,421.97,
28/02/2022,South Indian Bank App,0.12,3869.00%,-,-,-,-,-,-,0.12,38.69,
31/03/2022,Airtel Payments Bank Apps,8.33,193441.00%,-,-,-,-,4.82,"2,557.85",13.16,"4,492.25",
31/03/2022,Allahabad Bank Apps,0.02,615.00%,-,-,-,-,-,-,0.02,6.15,
31/03/2022,Amazon Pay,76.34,689478.00%,-,-,-,-,-,-,76.34,"6,894.78",
31/03/2022,AU Small Finance Bank Apps,0.29,10448.00%,-,-,-,-,-,-,0.29,104.48,
31/03/2022,Axis Bank Apps,7.09,104513.00%,5421.00%,3981.00%,0,0.00%,-,-,61.29,"1,084.94",
31/03/2022,Bajaj Finserv,0.35,2408.00%,-,-,-,-,-,-,0.35,24.08,
31/03/2022,Bank of Baroda Apps,0.69,32861.00%,-,-,-,-,-,-,0.69,328.61,
31/03/2022,Bank of India Apps,0.08,2622.00%,-,-,-,-,-,-,0.08,26.22,
31/03/2022,Bank of Maharashtra Apps,0.05,1500.00%,-,-,-,-,-,-,0.05,15,
31/03/2022,BHIM,24.88,805024.00%,-,-,-,-,-,-,24.88,"8,050.24",
31/03/2022,Canara Bank Apps,0.31,10968.00%,-,-,-,-,-,-,0.31,109.68,
31/03/2022,Central Bank of India Apps,0.14,5067.00%,-,-,-,-,-,-,0.14,50.67,
31/03/2022,Citi Bank Apps,0.11,6841.00%,-,-,-,-,-,-,0.11,68.41,
31/03/2022,City Union Bank Apps,0.03,730.00%,-,-,-,-,-,-,0.03,7.3,
31/03/2022,Cointab,0.08,3322.00%,-,-,-,-,-,-,0.08,33.22,
31/03/2022,Cred,12.11,1613611.00%,-,-,-,-,-,-,12.11,"16,136.11",
31/03/2022,DBS Digibank Apps,0.49,18552.00%,-,-,-,-,-,-,0.49,185.52,
31/03/2022,Dena Bank Apps,0.02,2932.00%,-,-,-,-,-,-,0.02,29.32,
31/03/2022,Deutsche Bank Apps,1.02,9166.00%,-,-,0,136.00%,-,-,1.02,93.02,
31/03/2022,Dhanlaxmi Bank Apps,0.01,329.00%,-,-,-,-,-,-,0.01,3.29,
31/03/2022,Fave,0.37,1300.00%,-,-,-,-,-,-,0.37,13,
31/03/2022,Federal Bank Apps,2.45,36096.00%,-,-,-,-,-,-,2.45,360.96,
31/03/2022,Fino Payments bank Apps,0.04,347.00%,-,-,-,-,-,-,0.04,3.47,
31/03/2022,Finserv Markets,0.03,149.00%,-,-,-,-,-,-,0.03,1.49,
31/03/2022,Finshell Pay,0.08,400.00%,-,-,-,-,-,-,0.08,4,
31/03/2022,GoIbibo,0.02,591.00%,-,-,-,-,-,-,0.02,5.91,
31/03/2022,Google Pay,"1,838.12",33887325.00%,-,-,-,-,-,-,"1,838.12","338,873.25",
31/03/2022,Groww,0.83,47271.00%,-,-,-,-,-,-,0.83,472.71,
31/03/2022,HDFC Bank Apps,5.45,162454.00%,-,-,-,-,-,-,5.45,"1,624.54",
31/03/2022,HSBC Bank Apps,0.1,6185.00%,0.00%,16.00%,-,-,-,-,0.1,62,
31/03/2022,ICICI Bank Apps,31.49,1030408.00%,365.00%,23461.00%,-,-,-,-,35.13,"10,538.69",
31/03/2022,IDBI Bank Apps,0.03,1625.00%,-,-,-,-,-,-,0.03,16.25,
31/03/2022,IDFC Bank Apps,2.7,53456.00%,-,-,0,0.00%,-,-,2.7,534.56,
31/03/2022,India Post Payments Bank Apps,2.95,32114.00%,-,-,-,-,-,-,2.95,321.14,
31/03/2022,Indian Bank Apps,0.11,4226.00%,-,-,0,0.00%,-,-,0.11,42.26,
31/03/2022,Indian Overseas Bank Apps,0.01,162.00%,-,-,-,-,-,-,0.01,1.62,
31/03/2022,IndusInd Bank Apps,1.03,225230.00%,-,-,-,-,-,-,1.03,"2,252.30",
31/03/2022,Jammu and Kashmir Bank Apps,0.01,215.00%,-,-,-,-,-,-,0.01,2.15,
31/03/2022,Janata Sahakari Bank Apps,0.01,451.00%,-,-,-,-,-,-,0.01,4.51,
31/03/2022,Jio Payments Bank Apps,2.27,12950.00%,-,-,-,-,-,-,2.27,129.5,
31/03/2022,Jupiter,1.32,16480.00%,-,-,-,-,-,-,1.32,164.8,
31/03/2022,Karnataka Bank Apps,0.3,3796.00%,-,-,0,0.00%,-,-,0.3,37.96,
31/03/2022,Karur Vysya Bank Apps,0.04,1829.00%,-,-,-,-,-,-,0.04,18.29,
31/03/2022,Kotak Mahindra Bank Apps,7.92,158751.00%,-,-,-,-,-,-,7.92,"1,587.51",
31/03/2022,MakeMyTrip,0.1,4710.00%,-,-,-,-,-,-,0.1,47.1,
31/03/2022,MI Pay,0.24,3602.00%,-,-,-,-,-,-,0.24,36.02,
31/03/2022,Mobikwik,3.6,73925.00%,-,-,-,-,-,-,3.6,739.25,
31/03/2022,NSDL Payments Bank Apps,0.02,228.00%,-,-,-,-,-,-,0.02,2.28,
31/03/2022,Paytm Payments Bank App,729.63,8384044.00%,977.00%,1768.00%,-,-,97.74,"11,792.24",837.14,"95,650.36",
31/03/2022,PhonePe,"2,527.15",47140126.00%,-,-,-,-,-,-,"2,527.15","471,401.26",
30/04/2022,Airtel Payments Bank Apps,5.29,45464.00%,-,-,-,-,0.01,6.26,5.3,460.9,
30/04/2022,Amazon Pay,73.21,669957.00%,-,-,-,-,-,-,73.21,"6,699.57",
30/04/2022,AU Small Finance Bank Apps,0.32,10989.00%,-,-,-,-,-,-,0.32,109.89,
30/04/2022,Axis Bank Apps,7.19,121344.00%,5684.00%,4371.00%,0,0.00%,-,-,64.03,"1,257.15",
30/04/2022,Bajaj Finserv,0.52,3861.00%,-,-,-,-,-,-,0.52,38.61,
30/04/2022,Bank of Baroda Apps,0.77,34465.00%,-,-,-,-,-,-,0.77,344.65,
30/04/2022,Bank of India Apps,0.1,3262.00%,0.00%,0.00%,-,-,-,-,0.1,32.62,
30/04/2022,Bank of Maharashtra Apps,0.05,1456.00%,-,-,-,-,-,-,0.05,14.56,
30/04/2022,BHIM,25.69,835434.00%,-,-,-,-,-,-,25.69,"8,354.34",
30/04/2022,Canara Bank Apps,0.31,11031.00%,-,-,-,-,-,-,0.31,110.31,
30/04/2022,Central Bank of India Apps,0.13,5104.00%,-,-,-,-,-,-,0.13,51.04,
30/04/2022,Citi Bank Apps,0.08,6603.00%,-,-,-,-,-,-,0.08,66.03,
30/04/2022,City Union Bank Apps,0.03,841.00%,-,-,-,-,-,-,0.03,8.41,
30/04/2022,Cointab,0.07,2850.00%,-,-,-,-,-,-,0.07,28.5,
30/04/2022,Cred,13.05,1637292.00%,-,-,-,-,-,-,13.05,"16,372.92",
30/04/2022,DBS Digibank Apps,0.47,17545.00%,-,-,-,-,-,-,0.47,175.45,
30/04/2022,Deutsche Bank Apps,1.51,12813.00%,-,-,0,30.00%,-,-,1.51,128.43,
30/04/2022,Dhanlaxmi Bank Apps,0.01,302.00%,-,-,-,-,-,-,0.01,3.02,
30/04/2022,Fave,0.18,773.00%,-,-,-,-,-,-,0.18,7.73,
30/04/2022,Federal Bank Apps,2.7,37564.00%,-,-,-,-,-,-,2.7,375.64,
30/04/2022,Fino Payments bank Apps,0.04,326.00%,-,-,-,-,-,-,0.04,3.26,
30/04/2022,Finserv Markets,0.01,106.00%,-,-,-,-,-,-,0.01,1.06,
30/04/2022,Finshell Pay,0.08,445.00%,-,-,-,-,-,-,0.08,4.45,
30/04/2022,GoIbibo,0.01,331.00%,-,-,-,-,-,-,0.01,3.31,
30/04/2022,Google Pay,"1,914.77",34479135.00%,-,-,-,-,-,-,"1,914.77","344,791.35",
30/04/2022,Groww,0.61,37618.00%,-,-,-,-,-,-,0.61,376.18,
30/04/2022,HDFC Bank Apps,5.9,175912.00%,-,-,-,-,-,-,5.9,"1,759.12",
30/04/2022,HSBC Bank Apps,0.11,5970.00%,0.00%,2.00%,-,-,-,-,0.11,59.72,
30/04/2022,ICICI Bank Apps,32.82,908672.00%,483.00%,26945.00%,-,-,-,-,37.65,"9,356.17",
30/04/2022,IDBI Bank Apps,0.03,1678.00%,-,-,-,-,-,-,0.03,16.78,
30/04/2022,IDFC Bank Apps,2.49,53269.00%,-,-,0,0.00%,-,-,2.49,532.69,
30/04/2022,India Post Payments Bank Apps,2.8,32853.00%,-,-,-,-,-,-,2.8,328.53,
30/04/2022,Indian Bank Apps,0.14,4990.00%,-,-,0,0.00%,-,-,0.14,49.9,
30/04/2022,Indian Overseas Bank Apps,0.01,152.00%,-,-,-,-,-,-,0.01,1.52,
30/04/2022,IndusInd Bank Apps,1.02,259671.00%,-,-,-,-,-,-,1.02,"2,596.71",
30/04/2022,Janata Sahakari Bank Apps,0.01,428.00%,-,-,-,-,-,-,0.01,4.28,
30/04/2022,Jio Payments Bank Apps,2.1,12625.00%,-,-,-,-,-,-,2.1,126.25,
30/04/2022,Jupiter,1.47,18613.00%,-,-,-,-,-,-,1.47,186.13,
30/04/2022,Jupiter Edge (LivQuick PPI App),0.01,43.00%,-,-,-,-,-,-,0.01,0.43,
30/04/2022,Karnataka Bank Apps,0.27,3558.00%,-,-,-,-,-,-,0.27,35.58,
30/04/2022,Karur Vysya Bank Apps,0.04,1854.00%,-,-,-,-,-,-,0.04,18.54,
30/04/2022,Kotak Mahindra Bank Apps,7.96,168435.00%,-,-,-,-,-,-,7.96,"1,684.35",
30/04/2022,MakeMyTrip,0.09,4118.00%,-,-,-,-,-,-,0.09,41.18,
30/04/2022,MI Pay,0.19,2858.00%,-,-,-,-,-,-,0.19,28.58,
30/04/2022,Mobikwik,2.37,42147.00%,-,-,-,-,-,-,2.37,421.47,
30/04/2022,NSDL Payments Bank Apps,0.02,232.00%,-,-,-,-,-,-,0.02,2.32,
30/04/2022,Paytm Payments Bank App,740.76,8591888.00%,1115.00%,1598.00%,-,-,99.7,"15,714.20",851.61,"101,649.06",
30/04/2022,PhonePe,"2,616.26",48655703.00%,-,-,-,-,-,-,"2,616.26","486,557.03",
30/04/2022,Punjab National Bank Apps,0.09,4627.00%,-,-,-,-,-,-,0.09,46.27,
30/04/2022,Punjab Sind Bank Apps,0.01,538.00%,-,-,-,-,-,-,0.01,5.38,
31/05/2022,Airtel Payments Bank Apps,6.10,48655.00%,-,-,0,0.00%,0,0.07,6.11,486.62,
31/05/2022,Allahabad Bank Apps,0.02,625.00%,-,-,-,-,-,-,0.02,6.25,
31/05/2022,Amazon Pay,74.83,695418.00%,-,-,-,-,-,-,74.83,"6,954.18",
31/05/2022,AU Small Finance Bank Apps,0.35,10722.00%,-,-,-,-,-,-,0.35,107.22,
31/05/2022,Axis Bank Apps,7.46,137231.00%,5114.00%,4808.00%,0.06,477.00%,-,-,58.66,"1,425.16",
31/05/2022,Bajaj Finserv,0.79,5853.00%,-,-,-,-,-,-,0.79,58.53,
31/05/2022,Bank of Baroda Apps,0.88,40679.00%,-,-,0,0.00%,-,-,0.88,406.79,
31/05/2022,Bank of India Apps,0.12,4004.00%,-,-,-,-,-,-,0.12,40.04,
31/05/2022,Bank of Maharashtra Apps,0.06,1647.00%,-,-,-,-,-,-,0.06,16.47,
31/05/2022,BHIM,26.57,955966.00%,-,-,-,-,-,-,26.57,"9,559.66",
31/05/2022,Canara Bank Apps,0.33,11409.00%,-,-,-,-,-,-,0.33,114.09,
31/05/2022,Central Bank of India Apps,0.15,5540.00%,-,-,-,-,-,-,0.15,55.4,
31/05/2022,Citi Bank Apps,0.13,7871.00%,-,-,0,0.00%,-,-,0.13,78.71,
31/05/2022,City Union Bank Apps,0.03,1006.00%,-,-,-,-,-,-,0.03,10.06,
31/05/2022,Cointab,0.06,2377.00%,-,-,-,-,-,-,0.06,23.77,
31/05/2022,Cred,13.89,1817461.00%,-,-,-,-,-,-,13.89,"18,174.61",
31/05/2022,DBS Digibank Apps,0.47,18633.00%,-,-,-,-,-,-,0.47,186.33,
31/05/2022,Deutsche Bank Apps,1.64,11654.00%,-,-,0,0.00%,-,-,1.64,116.55,
31/05/2022,Dhanlaxmi Bank Apps,0.01,335.00%,-,-,-,-,-,-,0.01,3.35,
31/05/2022,Fave,0.1,612.00%,-,-,-,-,-,-,0.1,6.12,
31/05/2022,Federal Bank Apps,3.42,47412.00%,-,-,-,-,-,-,3.42,474.12,
31/05/2022,Fino Payments bank Apps,0.04,383.00%,-,-,-,-,-,-,0.04,3.83,
31/05/2022,Finserv Markets,0.01,101.00%,-,-,-,-,-,-,0.01,1.01,
31/05/2022,Finshell Pay,0.09,468.00%,-,-,-,-,-,-,0.09,4.68,
31/05/2022,GoIbibo,0.01,241.00%,-,-,-,-,-,-,0.01,2.41,
31/05/2022,Google Pay,"2,079.92",36598927.00%,-,-,-,-,-,-,"2,079.92","365,989.27",
31/05/2022,Groww,0.51,33528.00%,-,-,-,-,-,-,0.51,335.28,
31/05/2022,HDFC Bank Apps,6.95,198111.00%,-,-,-,-,-,-,6.95,"1,981.11",
31/05/2022,HSBC Bank Apps,0.1,6307.00%,0.00%,10.00%,0,0.00%,-,-,0.1,63.17,
31/05/2022,ICICI Bank Apps,32.75,922165.00%,201.00%,12093.00%,2.82,171432.00%,-,-,37.59,"11,056.90",
31/05/2022,IDBI Bank Apps,0.03,1848.00%,-,-,-,-,-,-,0.03,18.48,
31/05/2022,IDFC Bank Apps,4.75,62634.00%,-,-,0,0.00%,-,-,4.75,626.34,
31/05/2022,India Post Payments Bank Apps,3.1,35188.00%,-,-,-,-,-,-,3.1,351.88,
31/05/2022,Indian Bank Apps,0.16,5311.00%,-,-,0,2.00%,-,-,0.16,53.13,
31/05/2022,Indian Overseas Bank Apps,0.01,235.00%,-,-,-,-,-,-,0.01,2.35,
31/05/2022,IndusInd Bank Apps,1.01,171121.00%,-,-,-,-,-,-,1.01,"1,711.21",
31/05/2022,Janata Sahakari Bank Apps,0.01,479.00%,-,-,-,-,-,-,0.01,4.79,
31/05/2022,Jio Payments Bank Apps,2.08,12788.00%,-,-,-,-,-,-,2.08,127.88,
31/05/2022,Jupiter,1.79,21544.00%,-,-,-,-,-,-,1.79,215.44,
31/05/2022,Jupiter Edge (LivQuick PPI),0.1,574.00%,-,-,-,-,-,-,0.1,5.74,
31/05/2022,Karnataka Bank Apps,0.33,4034.00%,-,-,-,-,-,-,0.33,40.34,
31/05/2022,Karur Vysya Bank Apps,0.04,1769.00%,-,-,-,-,-,-,0.04,17.69,
31/05/2022,Kotak Mahindra Bank Apps,8.5,188281.00%,-,-,0,219.00%,-,-,8.5,"1,885.00",
31/05/2022,MakeMyTrip,0.09,4326.00%,-,-,-,-,-,-,0.09,43.26,
31/05/2022,MI Pay,0.2,3390.00%,-,-,-,-,-,-,0.2,33.9,
31/05/2022,Mobikwik,2.46,39770.00%,-,-,-,-,-,-,2.46,397.7,
31/05/2022,NSDL Payments Bank Apps,0.02,239.00%,-,-,-,-,-,-,0.02,2.39,
31/05/2022,Paytm Payments Bank App,780.87,9154650.00%,366.00%,596.00%,0.19,22461.00%,102.73,"16,499.70",887.45,"108,276.78",
31/05/2022,PhonePe,"2,778.75",51102881.00%,-,-,-,-,-,-,"2,778.75","511,028.81",
31/05/2022,Punjab National Bank Apps,0.09,4377.00%,-,-,-,-,-,-,0.09,43.77,
30/06/2022,Airtel Payments Bank Apps,6.38,50614.00%,0.00%,0.00%,-,-,0,0.06,6.38,506.2,
30/06/2022,Allahabad Bank Apps,0.02,679.00%,-,-,-,-,-,-,0.02,6.79,
30/06/2022,Amazon Pay,68.4,654184.00%,-,-,-,-,-,-,68.4,"6,541.84",
30/06/2022,AU Small Finance Bank Apps,0.38,12024.00%,-,-,-,-,-,-,0.38,120.24,
30/06/2022,Axis Bank Apps,6.96,121771.00%,11.00%,1105.00%,45.53,3961.00%,-,-,52.6,"1,268.38",
30/06/2022,Bajaj Finserv,1.16,8549.00%,-,-,-,-,-,-,1.16,85.49,
30/06/2022,Bajaj Markets,0.01,120.00%,-,-,-,-,-,-,0.01,1.2,
30/06/2022,Bank of Baroda Apps,0.83,34772.00%,0.00%,0.00%,-,-,-,-,0.83,347.72,
30/06/2022,Bank of India Apps,0.13,4182.00%,-,-,-,-,-,-,0.13,41.82,
30/06/2022,Bank of Maharashtra Apps,0.06,1577.00%,-,-,-,-,-,-,0.06,15.77,
30/06/2022,BHIM,22.6,752798.00%,-,-,-,-,-,-,22.6,"7,527.98",
30/06/2022,Canara Bank Apps,0.34,10978.00%,-,-,-,-,-,-,0.34,109.78,
30/06/2022,Central Bank of India Apps,0.15,5406.00%,-,-,-,-,-,-,0.15,54.06,
30/06/2022,Citi Bank Apps,0.13,6354.00%,0.00%,0.00%,-,-,-,-,0.13,63.54,
30/06/2022,City Union Bank Apps,0.03,872.00%,-,-,-,-,-,-,0.03,8.72,
30/06/2022,Cointab,0.06,2399.00%,-,-,-,-,-,-,0.06,23.99,
30/06/2022,Cred,13.4,1758325.00%,-,-,-,-,-,-,13.4,"17,583.25",
30/06/2022,DBS Digibank Apps,0.46,17169.00%,-,-,-,-,-,-,0.46,171.69,
30/06/2022,Deutsche Bank Apps,1.51,9912.00%,0.00%,0.00%,-,-,-,-,1.51,99.12,
30/06/2022,Dhanlaxmi Bank Apps,0.01,270.00%,-,-,-,-,-,-,0.01,2.7,
30/06/2022,Equitas Small Finance Bank Apps,0.01,387.00%,-,-,-,-,-,-,0.01,3.87,
30/06/2022,Fave,0.12,694.00%,-,-,-,-,-,-,0.12,6.94,
30/06/2022,Federal Bank Apps,3.55,49421.00%,-,-,-,-,-,-,3.55,494.21,
30/06/2022,Fino Payments bank Apps,0.05,317.00%,-,-,-,-,-,-,0.05,3.17,
30/06/2022,Finshell Pay,0.1,530.00%,-,-,-,-,-,-,0.1,5.3,
30/06/2022,GoIbibo,0.01,387.00%,-,-,-,-,-,-,0.01,3.87,
30/06/2022,Google Pay,"2,025.89","3,55,137.20",-,-,-,-,-,-,"2,025.89","3,55,137.20",
30/06/2022,Groww,0.72,41673.00%,-,-,-,-,-,-,0.72,416.73,
30/06/2022,HDFC Bank Apps,8.24,206622.00%,-,-,-,-,-,-,8.24,"2,066.22",
30/06/2022,HSBC Bank Apps,0.11,6138.00%,0.00%,0.00%,0,0.00%,-,-,0.11,61.39,
30/06/2022,ICICI Bank Apps,35.25,693144.00%,411.00%,327067.00%,0.01,3.00%,-,-,39.37,"10,202.14",
30/06/2022,IDBI Bank Apps,0.03,1571.00%,-,-,-,-,-,-,0.03,15.71,
30/06/2022,IDFC Bank Apps,7.03,66365.00%,0.00%,0.00%,-,-,-,-,7.03,663.65,
30/06/2022,India Post Payments Bank Apps,3.98,46734.00%,-,-,-,-,-,-,3.98,467.34,
30/06/2022,Indian Bank Apps,0.17,5330.00%,0.00%,38.00%,-,-,-,-,0.17,53.68,
30/06/2022,Indian Overseas Bank Apps,0.01,298.00%,-,-,-,-,-,-,0.01,2.98,
30/06/2022,IndusInd Bank Apps,1,164513.00%,-,-,-,-,-,-,1,"1,645.13",
30/06/2022,Janata Sahakari Bank Apps,0.01,447.00%,-,-,-,-,-,-,0.01,4.47,
30/06/2022,Jio Payments Bank Apps,1.87,11634.00%,-,-,-,-,-,-,1.87,116.34,
30/06/2022,Jupiter,1.89,22322.00%,-,-,-,-,-,-,1.89,223.22,
30/06/2022,Jupiter Edge (LivQuick PPI),0.13,872.00%,-,-,-,-,-,-,0.13,8.72,
30/06/2022,Karnataka Bank Apps,0.32,4313.00%,-,-,-,-,-,-,0.32,43.13,
30/06/2022,Karur Vysya Bank Apps,0.04,1591.00%,-,-,-,-,-,-,0.04,15.91,
30/06/2022,Kotak Mahindra Bank Apps,8.33,175864.00%,1.00%,364.00%,-,-,-,-,8.33,"1,762.28",
30/06/2022,MakeMyTrip,0.11,5145.00%,-,-,-,-,-,-,0.11,51.45,
30/06/2022,MI Pay,0.17,2961.00%,-,-,-,-,-,-,0.17,29.61,
30/06/2022,Mobikwik,2.31,40463.00%,-,-,-,-,-,-,2.31,404.63,
30/06/2022,NSDL Payments Bank Apps,0.02,244.00%,-,-,-,-,-,-,0.02,2.44,
30/06/2022,Paytm Payments Bank App,778.87,8938878.00%,35.00%,41220.00%,-,-,98.28,"12,318.93",877.5,"1,02,119.90",
30/06/2022,PhonePe,"2,732.59","5,01,474.48",-,-,-,-,-,-,"2,732.59","5,01,474.48",
31/07/2022,Airtel Payments Bank Apps,7.40,55509.00%,-,-,0,0.00%,0,0.16,7.41,555.26,
31/07/2022,Allahabad Bank Apps,0.03,695.00%,-,-,-,-,-,-,0.03,6.95,
31/07/2022,Amazon Pay,68.77,675180.00%,-,-,-,-,-,-,68.77,"6,751.80",
31/07/2022,AU Small Finance Bank Apps,0.42,13149.00%,-,-,-,-,-,-,0.42,131.49,
31/07/2022,Axis Bank Apps,7.35,117432.00%,4663.00%,3810.00%,0.02,153.00%,-,-,53.99,"1,213.95",
31/07/2022,Bajaj Finserv,1.95,12852.00%,-,-,-,-,-,-,1.95,128.52,
31/07/2022,Bajaj Markets,0.02,166.00%,-,-,-,-,-,-,0.02,1.66,
31/07/2022,Bandhan Bank Apps,0.01,135.00%,-,-,-,-,-,-,0.01,1.35,
31/07/2022,Bank of Baroda Apps,0.88,35445.00%,-,-,0,0.00%,-,-,0.88,354.45,
31/07/2022,Bank of India Apps,0.15,4644.00%,-,-,-,-,-,-,0.15,46.44,
31/07/2022,Bank of Maharashtra Apps,0.06,1647.00%,-,-,-,-,-,-,0.06,16.47,
31/07/2022,BHIM,24.48,782395.00%,-,-,-,-,-,-,24.48,"7,823.95",
31/07/2022,Canara Bank Apps,0.47,12879.00%,-,-,-,-,-,-,0.47,128.79,
31/07/2022,Central Bank of India Apps,0.22,5837.00%,-,-,0,0.00%,-,-,0.22,58.37,
31/07/2022,Citi Bank Apps,0.11,6366.00%,-,-,0,0.00%,-,-,0.11,63.66,
31/07/2022,City Union Bank Apps,0.03,1019.00%,-,-,-,-,-,-,0.03,10.19,
31/07/2022,Cointab,0.07,2730.00%,-,-,-,-,-,-,0.07,27.3,
31/07/2022,Cred,14.89,1971643.00%,-,-,-,-,-,-,14.89,"19,716.43",
31/07/2022,DBS Digibank Apps,0.47,17927.00%,-,-,-,-,-,-,0.47,179.27,
31/07/2022,Deutsche Bank Apps,1.87,11600.00%,-,-,0,1.00%,-,-,1.87,116.01,
31/07/2022,Dhanlaxmi Bank Apps,0.01,286.00%,-,-,-,-,-,-,0.01,2.86,
31/07/2022,Equitas Small Finance Bank Apps,0.01,489.00%,-,-,-,-,-,-,0.01,4.89,
31/07/2022,Fave,0.16,1106.00%,-,-,-,-,-,-,0.16,11.06,
31/07/2022,Federal Bank Apps,3.85,53955.00%,-,-,0,0.00%,-,-,3.85,539.55,
31/07/2022,Fino Payments Bank Apps,0.06,426.00%,-,-,-,-,-,-,0.06,4.26,
31/07/2022,GoIbibo,0.01,510.00%,-,-,-,-,-,-,0.01,5.1,
31/07/2022,Google Pay,"2,130.63","3,66,669.09",-,-,-,-,-,-,"2,130.63","3,66,669.09",
31/07/2022,Groww,0.49,29031.00%,-,-,-,-,-,-,0.49,290.31,
31/07/2022,HDFC Bank Apps,9.38,234128.00%,-,-,-,-,-,-,9.38,"2,341.28",
31/07/2022,HSBC Bank Apps,0.11,6843.00%,0.00%,4.00%,0,0.00%,-,-,0.11,68.47,
31/07/2022,ICICI Bank Apps,32.53,774519.00%,46.00%,3224.00%,4.36,373187.00%,-,-,37.34,"11,509.29",
31/07/2022,IDBI Bank Apps,0.03,1642.00%,-,-,-,-,-,-,0.03,16.42,
31/07/2022,IDFC Bank Apps,8.28,64534.00%,-,-,0,0.00%,-,-,8.28,645.34,
31/07/2022,India Post Payments Bank Apps,4.08,48059.00%,-,-,-,-,-,-,4.08,480.59,
31/07/2022,Indian Bank Apps,0.2,5815.00%,-,-,0.01,1323.00%,-,-,0.21,71.39,
31/07/2022,Indian Overseas Bank Apps,0.01,374.00%,-,-,-,-,-,-,0.01,3.74,
31/07/2022,IndusInd Bank Apps,0.99,165226.00%,-,-,-,-,-,-,0.99,"1,652.26",
31/07/2022,Janata Sahakari Bank Apps,0.01,415.00%,-,-,-,-,-,-,0.01,4.15,
31/07/2022,Jio Payments Bank Apps,1.9,11659.00%,-,-,-,-,-,-,1.9,116.59,
31/07/2022,Jupiter,2.1,25414.00%,-,-,-,-,-,-,2.1,254.14,
31/07/2022,Karnataka Bank Apps,0.35,4801.00%,-,-,-,-,-,-,0.35,48.01,
31/07/2022,Karur Vysya Bank Apps,0.04,1566.00%,-,-,-,-,-,-,0.04,15.66,
31/07/2022,Kotak Mahindra Bank Apps,8.86,181587.00%,-,-,0,46.00%,-,-,8.86,"1,816.33",
31/07/2022,MakeMyTrip,0.13,5819.00%,-,-,-,-,-,-,0.13,58.19,
31/07/2022,MI Pay,0.16,2698.00%,-,-,-,-,-,-,0.16,26.98,
31/07/2022,Mobikwik,2.48,46217.00%,-,-,-,-,-,-,2.48,462.17,
31/07/2022,NSDL Payments Bank Apps,0.02,350.00%,-,-,-,-,-,-,0.02,3.5,
31/07/2022,Paytm Payments Bank App,828.63,9450777.00%,55.00%,191.00%,0.38,46562.00%,104.32,"16,174.36",933.88,"1,11,149.66",
31/07/2022,PhonePe,"2,993.83","5,24,742.49",-,-,-,-,-,-,"2,993.83","5,24,742.49",
31/07/2022,Punjab National Bank Apps,0.07,3570.00%,-,-,-,-,-,-,0.07,35.7,
31/08/2022,Airtel Payments Bank Apps,7.96,60838.00%,-,-,0,0.01,0,0.11,7.96,608.5,
31/08/2022,Allahabad Bank Apps,0.03,770.00%,-,-,-,-,-,-,0.03,7.7,
31/08/2022,Amazon Pay,62.43,635315.00%,-,-,-,-,-,-,62.43,"6,353.15",
31/08/2022,AU Small Finance Bank Apps,0.45,13870.00%,-,-,-,-,-,-,0.45,138.7,
31/08/2022,Axis Bank Apps,7.39,131376.00%,5070.00%,4271.00%,0.02,1.42,-,-,58.11,"1,357.89",
31/08/2022,Bajaj Finserv,2.45,17859.00%,-,-,-,-,-,-,2.45,178.59,
31/08/2022,Bajaj Markets,0.02,158.00%,-,-,-,-,-,-,0.02,1.58,
31/08/2022,Bandhan Bank Apps,0.01,125.00%,-,-,-,-,-,-,0.01,1.25,
31/08/2022,Bank of Baroda Apps,0.99,38342.00%,-,-,0,0,-,-,0.99,383.43,
31/08/2022,Bank of India Apps,0.17,5481.00%,-,-,-,-,-,-,0.17,54.81,
31/08/2022,Bank of Maharashtra Apps,0.07,1719.00%,-,-,-,-,-,-,0.07,17.19,
31/08/2022,BHIM,24.99,786048.00%,-,-,-,-,-,-,24.99,"7,860.48",
31/08/2022,Canara Bank Apps,0.67,17637.00%,-,-,-,-,-,-,0.67,176.37,
31/08/2022,Central Bank of India Apps,0.24,6459.00%,-,-,0,0.01,-,-,0.24,64.59,
31/08/2022,Citi Bank Apps,0.11,6308.00%,-,-,0,0,-,-,0.11,63.08,
31/08/2022,City Union Bank Apps,0.04,1145.00%,-,-,-,-,-,-,0.04,11.45,
31/08/2022,Cointab,0.06,2498.00%,-,-,-,-,-,-,0.06,24.98,
31/08/2022,Cred,14.81,1908430.00%,-,-,-,-,-,-,14.81,"19,084.30",
31/08/2022,DBS Digibank Apps,0.48,17876.00%,-,-,-,-,-,-,0.48,178.76,
31/08/2022,Deutsche Bank Apps,1.98,11921.00%,-,-,0,0.01,-,-,1.98,119.21,
31/08/2022,Dhanlaxmi Bank Apps,0.01,310.00%,-,-,-,-,-,-,0.01,3.1,
31/08/2022,Equitas Small Finance Bank Apps,0.01,494.00%,-,-,-,-,-,-,0.01,4.94,
31/08/2022,Fave,0.14,771.00%,-,-,-,-,-,-,0.14,7.71,
31/08/2022,Federal Bank Apps,3.8,52020.00%,-,-,0,0,-,-,3.8,520.2,
31/08/2022,Fino Payments bank Apps,0.08,505.00%,-,-,-,-,-,-,0.08,5.05,
31/08/2022,GoIbibo,0.01,482.00%,-,-,-,-,-,-,0.01,4.82,
31/08/2022,Google Pay,"2,212.73",37108116.00%,-,-,-,-,-,-,"2,212.73","371,081.16",
31/08/2022,Groww,0.8,49093.00%,-,-,-,-,-,-,0.8,490.93,
31/08/2022,HDFC Bank Apps,9.83,241547.00%,-,-,-,-,-,-,9.83,"2,415.47",
31/08/2022,HSBC Bank Apps,0.11,6570.00%,0.00%,44.00%,0,0,-,-,0.11,66.14,
31/08/2022,ICICI Bank Apps,36.96,833498.00%,496.00%,40652.00%,3.68,"1,983.75",-,-,45.59,"10,725.25",
31/08/2022,IDBI Bank Apps,0.04,2031.00%,-,-,-,-,-,-,0.04,20.31,
31/08/2022,IDFC Bank Apps,10.19,76241.00%,-,-,0,0,-,-,10.19,762.41,
31/08/2022,India Post Payments Bank Apps,4.3,50441.00%,-,-,-,-,-,-,4.3,504.41,
31/08/2022,Indian Bank Apps,0.22,6310.00%,-,-,0,0.23,-,-,0.22,63.33,
31/08/2022,Indian Overseas Bank Apps,0.01,466.00%,-,-,-,-,-,-,0.01,4.66,
31/08/2022,IndusInd Bank Apps,1.01,160556.00%,-,-,-,-,-,-,1.01,"1,605.56",
31/08/2022,Janata Sahakari Bank Apps,0.01,456.00%,-,-,-,-,-,-,0.01,4.56,
31/08/2022,Jio Payments Bank Apps,1.85,11328.00%,-,-,-,-,-,-,1.85,113.28,
31/08/2022,Jupiter,2.03,24920.00%,-,-,-,-,-,-,2.03,249.2,
31/08/2022,Karnataka Bank Apps,0.38,5532.00%,-,-,-,-,-,-,0.38,55.32,
31/08/2022,Karur Vysya Bank Apps,0.04,1654.00%,-,-,-,-,-,-,0.04,16.54,
31/08/2022,Kotak Mahindra Bank Apps,9.28,193914.00%,-,-,0,0,-,-,9.28,"1,939.14",
31/08/2022,MakeMyTrip,0.15,6267.00%,-,-,-,-,-,-,0.15,62.67,
31/08/2022,MI Pay,0.15,2480.00%,-,-,-,-,-,-,0.15,24.8,
31/08/2022,Mobikwik,2.84,56295.00%,-,-,-,-,-,-,2.84,562.95,
31/08/2022,NSDL Payments Bank Apps,0.02,285.00%,-,-,-,-,-,-,0.02,2.85,
31/08/2022,Paytm Payments Bank App,871.86,9603411.00%,411.00%,1037.00%,0.38,458.24,110.05,"17,714.37",986.39,"114,217.10",
30/09/2022,PhonePe,"3,146.71",52843349.00%,-,-,-,-,-,-,"3,146.71","528,433.49",
30/09/2022,Punjab National Bank Apps,0.09,4341.00%,-,-,-,-,-,-,0.09,43.41,
30/09/2022,Airtel Payments Bank Apps,9.14,68076.00%,-,-,0,2.00%,0,0.11,9.15,680.89,
30/09/2022,Allahabad Bank Apps,0.03,810.00%,-,-,-,-,-,-,0.03,8.1,
30/09/2022,Amazon Pay,57.38,601531.00%,-,-,-,-,-,-,57.38,"6,015.31",
30/09/2022,AU Small Finance Bank Apps,0.48,14890.00%,-,-,-,-,-,-,0.48,148.9,
30/09/2022,Axis Bank Apps,7.46,142109.00%,5024.00%,4613.00%,0.02,185.00%,-,-,57.72,"1,469.07",
30/09/2022,Bajaj Finserv,3.29,23481.00%,-,-,-,-,-,-,3.29,234.81,
30/09/2022,Bajaj Markets,0.01,138.00%,-,-,-,-,-,-,0.01,1.38,
30/09/2022,Bandhan Bank Apps,0.01,188.00%,-,-,-,-,-,-,0.01,1.88,
30/09/2022,Bank of Baroda Apps,1.11,44384.00%,-,-,0,0.00%,-,-,1.11,443.85,
30/09/2022,Bank of India Apps,0.18,5459.00%,-,-,-,-,-,-,0.18,54.59,
30/09/2022,Bank of Maharashtra Apps,0.07,1723.00%,-,-,-,-,-,-,0.07,17.23,
30/09/2022,BHIM,25.17,830865.00%,-,-,-,-,-,-,25.17,"8,308.65",
30/09/2022,Canara Bank Apps,0.78,20718.00%,-,-,0,0.00%,-,-,0.78,207.18,
30/09/2022,Central Bank of India Apps,0.28,6837.00%,-,-,0,1.00%,-,-,0.28,68.38,
30/09/2022,Citi Bank Apps,0.1,6700.00%,-,-,0,0.00%,-,-,0.1,67,
30/09/2022,City Union Bank Apps,0.04,1245.00%,-,-,-,-,-,-,0.04,12.45,
30/09/2022,Cointab,0.04,1935.00%,-,-,-,-,-,-,0.04,19.35,
30/09/2022,Cred,14.96,1923792.00%,-,-,-,-,-,-,14.96,"19,237.92",
30/09/2022,DBS Digibank Apps,0.43,17691.00%,-,-,-,-,-,-,0.43,176.91,
30/09/2022,Deutsche Bank Apps,1.58,9843.00%,-,-,0,1.00%,-,-,1.58,98.43,
30/09/2022,Dhanlaxmi Bank Apps,0.01,287.00%,-,-,-,-,-,-,0.01,2.87,
30/09/2022,Equitas Small Finance Bank Apps,0.02,876.00%,-,-,-,-,-,-,0.02,8.76,
30/09/2022,Fave,0.08,440.00%,-,-,-,-,-,-,0.08,4.4,
30/09/2022,Federal Bank Apps,3.84,54995.00%,-,-,0,0.00%,-,-,3.84,549.95,
30/09/2022,Fino Payments bank Apps,0.08,566.00%,-,-,-,-,-,-,0.08,5.66,
30/09/2022,GoIbibo,0.01,358.00%,-,-,-,-,-,-,0.01,3.58,
30/09/2022,Google Pay,"2,296.14",38799614.00%,-,-,-,-,-,-,"2,296.14","387,996.14",
30/09/2022,Groww,0.11,6803.00%,-,-,-,-,-,-,0.11,68.03,
30/09/2022,HDFC Bank Apps,10.98,268610.00%,-,-,-,-,-,-,10.98,"2,686.10",
30/09/2022,HSBC Bank Apps,0.12,7014.00%,0.00%,43.00%,0,0.00%,-,-,0.12,70.56,
30/09/2022,ICICI Bank Apps,26.54,686250.00%,484.00%,36684.00%,3.45,317247.00%,-,-,34.84,"10,401.81",
30/09/2022,IDBI Bank Apps,0.05,2418.00%,-,-,-,-,-,-,0.05,24.18,
30/09/2022,IDFC Bank Apps,11.53,82451.00%,-,-,0,1.00%,-,-,11.53,824.52,
30/09/2022,India Post Payments Bank Apps,5.22,57275.00%,-,-,-,-,-,-,5.22,572.75,
30/09/2022,Indian Bank Apps,0.21,6362.00%,-,-,0,196.00%,-,-,0.21,65.58,
30/09/2022,Indian Overseas Bank Apps,0.02,479.00%,-,-,-,-,-,-,0.02,4.79,
30/09/2022,IndusInd Bank Apps,1.04,143951.00%,-,-,-,-,-,-,1.04,"1,439.51",
30/09/2022,Janata Sahakari Bank Apps,0.01,442.00%,-,-,-,-,-,-,0.01,4.42,
30/09/2022,Jio Payments Bank Apps,1.4,9036.00%,-,-,-,-,-,-,1.4,90.36,
30/09/2022,Jupiter,2.09,25971.00%,-,-,-,-,-,-,2.09,259.71,
30/09/2022,Karnataka Bank Apps,0.4,6384.00%,-,-,-,-,-,-,0.4,63.84,
30/09/2022,Karur Vysya Bank Apps,0.04,1674.00%,-,-,-,-,-,-,0.04,16.74,
30/09/2022,Kotak Mahindra Bank Apps,10.52,223060.00%,-,-,0,0.00%,-,-,10.52,"2,230.61",
30/09/2022,MakeMyTrip,0.1,4783.00%,-,-,-,-,-,-,0.1,47.83,
30/09/2022,MI Pay,0.03,387.00%,-,-,-,-,-,-,0.03,3.87,
30/09/2022,Mobikwik,3.04,63271.00%,-,-,-,-,-,-,3.04,632.71,
30/09/2022,NSDL Payments Bank Apps,0.02,279.00%,-,-,-,-,-,-,0.02,2.79,
31/10/2022,Airtel Payments Bank Apps,9.44,77504.00%,-,-,0,0.00%,0,0.14,9.44,775.19,
31/10/2022,Allahabad Bank Apps,0.03,933.00%,-,-,-,-,-,-,0.03,9.33,
31/10/2022,Amazon Pay,56.42,606050.00%,-,-,-,-,-,-,56.42,"6,060.50",
31/10/2022,AU Small Finance Bank Apps,0.54,16199.00%,-,-,-,-,-,-,0.54,161.99,
31/10/2022,Axis Bank Apps,7.83,150228.00%,5213.00%,5148.00%,0.03,209.00%,-,-,59.99,"1,555.84",
31/10/2022,Bajaj Finserv,4.12,47271.00%,-,-,-,-,-,-,4.12,472.71,
31/10/2022,Bank of Baroda Apps,1.23,46623.00%,-,-,0,0.00%,-,-,1.23,466.23,
31/10/2022,Bank of India Apps,0.2,5997.00%,-,-,-,-,-,-,0.2,59.97,
31/10/2022,Bank of Maharashtra Apps,0.07,2010.00%,-,-,-,-,-,-,0.07,20.1,
31/10/2022,BHIM,25.49,852317.00%,-,-,-,-,-,-,25.49,"8,523.17",
31/10/2022,Canara Bank Apps,0.81,21907.00%,-,-,-,-,-,-,0.81,219.07,
31/10/2022,Central Bank of India Apps,0.3,7164.00%,-,-,0,2.00%,-,-,0.3,71.66,
31/10/2022,Citi Bank Apps,0.09,6683.00%,-,-,0,0.00%,-,-,0.09,66.83,
31/10/2022,City Union Bank Apps,0.04,1285.00%,-,-,-,-,-,-,0.04,12.85,
31/10/2022,Cointab,0.03,1167.00%,-,-,-,-,-,-,0.03,11.67,
31/10/2022,Cred,21.28,2025970.00%,-,-,-,-,-,-,21.28,"20,259.70",
31/10/2022,DBS Digibank Apps,0.43,17926.00%,-,-,0,0.00%,-,-,0.43,179.26,
31/10/2022,Deutsche Bank Apps,1.25,11193.00%,-,-,0,1.00%,-,-,1.26,111.93,
31/10/2022,Dhanlaxmi Bank Apps,0.01,321.00%,-,-,-,-,-,-,0.01,3.21,
31/10/2022,Equitas Small Finance Bank Apps,0.02,828.00%,-,-,-,-,-,-,0.02,8.28,
31/10/2022,Fampay PPI,4.06,5679.00%,-,-,0,1.00%,-,-,4.06,56.79,
31/10/2022,Fave,0.04,253.00%,-,-,-,-,-,-,0.04,2.53,
31/10/2022,Federal Bank Apps,4.19,57492.00%,-,-,0,0.00%,-,-,4.19,574.92,
31/10/2022,Fino Payments bank Apps,0.09,646.00%,-,-,-,-,-,-,0.09,6.46,
31/10/2022,GoIbibo,0.01,184.00%,-,-,-,-,-,-,0.01,1.84,
31/10/2022,Google Pay,"2,496.42","4,20,978.38",-,-,-,-,-,-,"2,496.42","4,20,978.38",
31/10/2022,HDFC Bank Apps,11.96,299727.00%,-,-,0,3.00%,-,-,11.96,"2,997.29",
31/10/2022,HSBC Bank Apps,0.14,7742.00%,0.00%,38.00%,0,0.00%,-,-,0.14,77.8,
31/10/2022,ICICI Bank Apps,31.22,807399.00%,504.00%,38141.00%,5.34,607412.00%,-,-,41.61,"14,529.52",
31/10/2022,IDBI Bank Apps,0.06,2592.00%,-,-,-,-,-,-,0.06,25.92,
31/10/2022,IDFC Bank Apps,9.98,88844.00%,-,-,0,0.00%,-,-,9.98,888.45,
31/10/2022,India Post Payments Bank Apps,4.7,63043.00%,-,-,-,-,-,-,4.7,630.43,
31/10/2022,Indian Bank Apps,0.23,6897.00%,-,-,-,-,-,-,0.23,68.97,
31/10/2022,Indian Overseas Bank Apps,0.01,472.00%,-,-,-,-,-,-,0.01,4.72,
31/10/2022,IndusInd Bank Apps,1.15,151668.00%,-,-,-,-,-,-,1.15,"1,516.68",
31/10/2022,Janata Sahakari Bank Apps,0.01,480.00%,-,-,-,-,-,-,0.01,4.8,
31/10/2022,Jio Payments Bank Apps,1.38,9887.00%,-,-,-,-,-,-,1.38,98.87,
31/10/2022,Jupiter,2.18,28043.00%,-,-,-,-,-,-,2.18,280.43,
31/10/2022,Karnataka Bank Apps,0.43,7662.00%,-,-,-,-,-,-,0.43,76.62,
31/10/2022,Karur Vysya Bank Apps,0.04,1762.00%,-,-,-,-,-,-,0.04,17.62,
31/10/2022,Kotak Mahindra Bank Apps,11.46,242665.00%,-,-,0,0.00%,-,-,11.46,"2,426.65",
31/10/2022,MakeMyTrip,0.07,3185.00%,-,-,-,-,-,-,0.07,31.85,
31/10/2022,Mobikwik,3.28,70812.00%,-,-,-,-,-,-,3.28,708.12,
31/10/2022,NSDL Payments Bank Apps,0.02,313.00%,-,-,-,-,-,-,0.02,3.13,
31/10/2022,Paytm Payments Bank App,995.34,"1,12,062.51",490.00%,1436.00%,0.43,54132.00%,108.92,"21,002.36","1,109.60","1,33,620.54",
31/10/2022,PhonePe,"3,452.87","5,93,759.02",-,-,-,-,-,-,"3,452.87","5,93,759.02",
31/10/2022,Punjab National Bank Apps,0.15,6277.00%,-,-,-,-,-,-,0.15,62.77,
31/10/2022,Punjab Sind Bank Apps,0.02,805.00%,-,-,-,-,-,-,0.02,8.05,
31/10/2022,RBL Bank Apps,1.07,24344.00%,0.00%,1.00%,0.01,171.00%,-,-,1.08,245.16,
31/10/2022,Samsung Pay,5.09,55433.00%,-,-,-,-,-,-,5.09,554.33,
30/11/2022,Airtel Payments Bank Apps,8.73,67100.00%,-,-,0,0.00%,0,0.09,8.73,671.09,
30/11/2022,Allahabad Bank Apps,0.03,898.00%,-,-,-,-,-,-,0.03,8.98,
30/11/2022,Amazon Pay,59.76,587336.00%,-,-,-,-,-,-,59.76,"5,873.36",
30/11/2022,Andhra Bank Apps,0.01,153.00%,-,-,-,-,-,-,0.01,1.53,
30/11/2022,AU Small Finance Bank Apps,0.53,16030.00%,-,-,0,0.00%,-,-,0.53,160.3,
30/11/2022,Axis Bank Apps,6.16,106161.00%,7159.00%,5735.00%,0.03,228.00%,-,-,77.77,"1,121.24",
30/11/2022,Bajaj Finserv,3.9,46441.00%,-,-,-,-,-,-,3.9,464.41,
30/11/2022,Bandhan Bank Apps,0.01,121.00%,-,-,-,-,-,-,0.01,1.21,
30/11/2022,Bank of Baroda Apps,1.26,45580.00%,-,-,0,0.00%,-,-,1.26,455.8,
30/11/2022,Bank of India Apps,0.2,5787.00%,-,-,-,-,-,-,0.2,57.87,
30/11/2022,Bank of Maharashtra Apps,0.07,1829.00%,-,-,-,-,-,-,0.07,18.29,
30/11/2022,BHIM,25.01,814483.00%,-,-,-,-,-,-,25.01,"8,144.83",
30/11/2022,Canara Bank Apps,0.86,23251.00%,-,-,-,-,-,-,0.86,232.51,
30/11/2022,Central Bank of India Apps,0.27,6329.00%,-,-,0,2.00%,-,-,0.27,63.31,
30/11/2022,Citi Bank Apps,0.13,6076.00%,-,-,0,0.00%,-,-,0.13,60.76,
30/11/2022,City Union Bank Apps,0.04,1258.00%,-,-,-,-,-,-,0.04,12.58,
30/11/2022,Cointab,0.03,1387.00%,-,-,-,-,-,-,0.03,13.87,
30/11/2022,Cred,25.63,1859972.00%,-,-,-,-,-,-,25.63,"18,599.72",
30/11/2022,DBS Digibank Apps,0.4,16955.00%,-,-,0,0.00%,-,-,0.41,169.55,
30/11/2022,Deutsche Bank Apps,1.3,10420.00%,-,-,0,1.00%,-,-,1.3,104.21,
30/11/2022,Dhanlaxmi Bank Apps,0.01,275.00%,-,-,-,-,-,-,0.01,2.75,
30/11/2022,Equitas Small Finance Bank Apps,0.02,982.00%,-,-,-,-,-,-,0.02,9.82,
30/11/2022,Fampay PPI,4.88,6475.00%,-,-,0,0.00%,-,-,4.88,64.75,
30/11/2022,Fave,0.05,283.00%,-,-,-,-,-,-,0.05,2.83,
30/11/2022,Federal Bank Apps,4.11,55397.00%,-,-,0,0.00%,-,-,4.11,553.97,
30/11/2022,Fino Payments bank Apps,0.1,661.00%,-,-,-,-,-,-,0.1,6.61,
30/11/2022,Google Pay,"2,541.14",40971475.00%,-,-,-,-,-,-,"2,541.14","409,714.75",
30/11/2022,Groww,0.05,3646.00%,-,-,-,-,-,-,0.05,36.46,
30/11/2022,HDFC Bank Apps,10.66,275827.00%,-,-,0,18.00%,-,-,10.66,"2,758.45",
30/11/2022,HSBC Bank Apps,0.12,7251.00%,0.00%,6.00%,0,0.00%,-,-,0.12,72.58,
30/11/2022,ICICI Bank Apps,33.4,782907.00%,432.00%,33450.00%,6.36,658724.00%,-,-,44.07,"14,750.80",
30/11/2022,IDBI Bank Apps,0.06,2478.00%,-,-,-,-,-,-,0.06,24.78,
30/11/2022,IDFC Bank Apps,10.46,89521.00%,-,-,0.01,816.00%,-,-,10.47,903.37,
30/11/2022,India Post Payments Bank Apps,4.66,58914.00%,-,-,-,-,-,-,4.66,589.14,
30/11/2022,Indian Bank Apps,0.23,6720.00%,-,-,-,-,-,-,0.23,67.2,
30/11/2022,Indian Overseas Bank Apps,0.01,248.00%,-,-,-,-,-,-,0.01,2.48,
30/11/2022,IndusInd Bank Apps,1.2,122413.00%,-,-,-,-,-,-,1.2,"1,224.13",
30/11/2022,Janata Sahakari Bank Apps,0.01,399.00%,-,-,-,-,-,-,0.01,3.99,
30/11/2022,Jio Payments Bank Apps,1.31,9623.00%,-,-,-,-,-,-,1.31,96.23,
30/11/2022,Jupiter,2.16,27552.00%,-,-,-,-,-,-,2.16,275.52,
30/11/2022,Karnataka Bank Apps,0.4,7482.00%,-,-,-,-,-,-,0.4,74.82,
30/11/2022,Karur Vysya Bank Apps,0.04,1623.00%,-,-,-,-,-,-,0.04,16.23,
30/11/2022,Kotak Mahindra Bank Apps,10.93,230490.00%,-,-,0,0.00%,-,-,10.93,"2,304.90",
30/11/2022,MakeMyTrip,0.02,769.00%,-,-,-,-,-,-,0.02,7.69,
30/11/2022,Mobikwik,3.46,76267.00%,-,-,-,-,-,-,3.46,762.67,
30/11/2022,NSDL Payments Bank Apps,0.02,270.00%,-,-,-,-,-,-,0.02,2.7,
30/11/2022,Paytm Payments Bank App,973.85,10900843.00%,412.00%,1481.00%,0.37,49176.00%,103.13,"19,290.91","1,081.47","128,805.91",
30/11/2022,PhonePe,"3,418.75",59132761.00%,-,-,-,-,-,-,"3,418.75","591,327.61",
31/12/2022,Airtel Payments Bank Apps,8.69,68155.00%,-,-,0,0.00%,0,0.12,8.7,681.67,
31/12/2022,Allahabad Bank Apps,0.03,975.00%,-,-,-,-,-,-,0.03,9.75,
31/12/2022,Amazon Pay,69.61,662166.00%,-,-,-,-,-,-,69.61,"6,621.66",
31/12/2022,AU Small Finance Bank Apps,0.58,17747.00%,-,-,-,-,-,-,0.58,177.47,
31/12/2022,Axis Bank Apps,7.26,124636.00%,5827.00%,5630.00%,0.03,244.00%,-,-,65.56,"1,305.09",
31/12/2022,Bajaj Finserv,4.56,64771.00%,-,-,-,-,-,-,4.56,647.71,
31/12/2022,Bandhan Bank Apps,0.01,153.00%,-,-,-,-,-,-,0.01,1.53,
31/12/2022,Bank of Baroda Apps,1.02,39756.00%,-,-,0,0.00%,-,-,1.02,397.56,
31/12/2022,Bank of India Apps,0.22,6432.00%,-,-,-,-,-,-,0.22,64.32,
31/12/2022,Bank of Maharashtra Apps,0.08,1991.00%,-,-,-,-,-,-,0.08,19.91,
31/12/2022,BHIM,25.5,840004.00%,-,-,-,-,-,-,25.5,"8,400.04",
31/12/2022,Canara Bank Apps,1.02,27570.00%,-,-,-,-,-,-,1.02,275.7,
31/12/2022,Central Bank of India Apps,0.26,6028.00%,-,-,0,5.00%,-,-,0.26,60.32,
31/12/2022,Citi Bank Apps,0.09,6838.00%,-,-,0,0.00%,-,-,0.09,68.38,
31/12/2022,City Union Bank Apps,0.05,1438.00%,-,-,-,-,-,-,0.05,14.38,
31/12/2022,Cointab,0.05,1898.00%,-,-,-,-,-,-,0.05,18.98,
31/12/2022,Cred,31.42,1962229.00%,-,-,-,-,-,-,31.42,"19,622.29",
31/12/2022,DBS Digibank Apps,0.41,17159.00%,-,-,-,-,-,-,0.41,171.59,
31/12/2022,Deutsche Bank Apps,1.28,10447.00%,-,-,0,1.00%,-,-,1.28,104.49,
31/12/2022,Dhanlaxmi Bank Apps,0.01,316.00%,-,-,-,-,-,-,0.01,3.16,
31/12/2022,Equitas Small Finance Bank Apps,0.02,1169.00%,-,-,-,-,-,-,0.02,11.69,
31/12/2022,Fampay PPI,9.7,12718.00%,-,-,0,1.00%,-,-,9.7,127.19,
31/12/2022,Fave,0.08,501.00%,-,-,-,-,-,-,0.08,5.01,
31/12/2022,Federal Bank Apps,4.57,59517.00%,-,-,0,1.00%,-,-,4.57,595.18,
31/12/2022,Fino Payments bank Apps,0.11,749.00%,-,-,-,-,-,-,0.11,7.49,
31/12/2022,Google Pay,"2,712.34",44037099.00%,-,-,-,-,-,-,"2,712.34","440,370.99",
31/12/2022,Groww,0.21,15302.00%,-,-,-,-,-,-,0.21,153.02,
31/12/2022,HDFC Bank Apps,11.81,314308.00%,-,-,0,15.00%,-,-,11.81,"3,143.24",
31/12/2022,HSBC Bank Apps,0.15,7859.00%,0.00%,5.00%,0,0.00%,-,-,0.15,78.63,
31/12/2022,ICICI Bank Apps,36.74,881595.00%,517.00%,41868.00%,6.38,689051.00%,-,-,48.29,"16,125.15",
31/12/2022,IDBI Bank Apps,0.07,2950.00%,-,-,-,-,-,-,0.07,29.5,
31/12/2022,IDFC Bank Apps,9.55,118460.00%,-,-,0.16,13838.00%,-,-,9.7,"1,322.98",
31/12/2022,India Post Payments Bank Apps,5.55,68259.00%,-,-,-,-,-,-,5.55,682.59,
31/12/2022,Indian Bank Apps,0.25,7371.00%,-,-,0,0.00%,-,-,0.25,73.71,
31/12/2022,Indian Overseas Bank Apps,0.01,290.00%,-,-,-,-,-,-,0.01,2.9,
31/12/2022,IndusInd Bank Apps,1.26,106240.00%,-,-,-,-,-,-,1.26,"1,062.40",
31/12/2022,Janata Sahakari Bank Apps,0.01,458.00%,-,-,-,-,-,-,0.01,4.58,
31/12/2022,Jio Payments Bank Apps,1.48,10471.00%,-,-,-,-,-,-,1.48,104.71,
31/12/2022,Jupiter,2.53,31803.00%,-,-,-,-,-,-,2.53,318.03,
31/12/2022,Karnataka Bank Apps,0.48,9109.00%,-,-,-,-,-,-,0.48,91.09,
31/12/2022,Karur Vysya Bank Apps,0.04,1487.00%,-,-,-,-,-,-,0.04,14.87,
31/12/2022,Kotak Mahindra Bank Apps,11.53,248017.00%,-,-,0,1.00%,-,-,11.53,"2,480.18",
31/12/2022,MakeMyTrip,0.1,5230.00%,-,-,-,-,-,-,0.1,52.3,
31/12/2022,Mobikwik,3.62,80682.00%,-,-,-,-,-,-,3.62,806.82,
31/12/2022,NSDL Payments Bank Apps,0.02,295.00%,-,-,-,-,-,-,0.02,2.95,
31/12/2022,Paytm Payments Bank App,"1,054.05",11806981.00%,608.00%,1686.00%,0.43,58052.00%,109.79,"20,154.47","1,170.34","138,821.66",
31/12/2022,PhonePe,"3,674.24",63934878.00%,-,-,-,-,-,-,"3,674.24","639,348.78",
31/12/2022,Punjab National Bank Apps,0.22,7670.00%,-,-,-,-,-,-,0.22,76.7,
31/12/2022,Punjab Sind Bank Apps,0.03,1048.00%,-,-,-,-,-,-,0.03,10.48,
31/12/2022,RBL Bank Apps,0.92,21440.00%,0.00%,1.00%,0.18,89.00%,-,-,1.1,215.3,
31/01/2023,Airtel Payments Bank Apps,9.77,83452.00%,-,-,0,2.00%,0,0.1,9.77,834.63,
31/01/2023,Allahabad Bank Apps,0.03,917.00%,-,-,-,-,-,-,0.03,9.17,
31/01/2023,Amazon Pay,57.75,579703.00%,-,-,-,-,-,-,57.75,"5,797.03",
31/01/2023,AU Small Finance Bank Apps,0.58,18145.00%,-,-,-,-,-,-,0.58,181.45,
31/01/2023,Axis Bank Apps,8.24,141965.00%,4800.00%,4347.00%,0.03,451.00%,-,-,56.28,"1,467.64",
31/01/2023,Bajaj Finserv,5.01,81240.00%,-,-,-,-,-,-,5.01,812.4,
31/01/2023,Bajaj Markets,0.01,50.00%,-,-,-,-,-,-,0.01,0.5,
31/01/2023,Bandhan Bank Apps,0.01,147.00%,-,-,-,-,-,-,0.01,1.47,
31/01/2023,Bank of Baroda Apps,1.1,42346.00%,-,-,0,0.00%,-,-,1.1,423.46,
31/01/2023,Bank of India Apps,0.24,7034.00%,-,-,-,-,-,-,0.24,70.34,
31/01/2023,Bank of Maharashtra Apps,0.08,2039.00%,-,-,-,-,-,-,0.08,20.39,
31/01/2023,BHIM,24.96,816465.00%,-,-,-,-,-,-,24.96,"8,164.65",
31/01/2023,Canara Bank Apps,1.08,28929.00%,-,-,-,-,-,-,1.08,289.29,
31/01/2023,Central Bank of India Apps,0.31,6865.00%,-,-,0,2.00%,-,-,0.31,68.68,
31/01/2023,Citi Bank Apps,0.12,7181.00%,-,-,0,0.00%,-,-,0.12,71.81,
31/01/2023,City Union Bank Apps,0.05,1551.00%,-,-,-,-,-,-,0.05,15.51,
31/01/2023,Cointab,0.05,2116.00%,-,-,-,-,-,-,0.05,21.16,
31/01/2023,Cred,35.18,1910682.00%,-,-,-,-,-,-,35.18,"19,106.82",
31/01/2023,DBS Digibank Apps,0.41,17402.00%,-,-,-,-,-,-,0.41,174.02,
31/01/2023,Deutsche Bank Apps,1.3,13172.00%,-,-,0.02,1858.00%,-,-,1.31,150.29,
31/01/2023,Dhanlaxmi Bank Apps,0.01,276.00%,-,-,-,-,-,-,0.01,2.76,
31/01/2023,Equitas Small Finance Bank Apps,0.02,1302.00%,-,-,-,-,-,-,0.02,13.02,
31/01/2023,Eroute,0.08,229.00%,-,-,-,-,-,-,0.08,2.29,
31/01/2023,Fampay PPI,12.8,17563.00%,-,-,0,1.00%,-,-,12.8,175.64,
31/01/2023,Fave,0.11,787.00%,-,-,-,-,-,-,0.11,7.87,
31/01/2023,Federal Bank Apps,4.72,60460.00%,-,-,0,0.00%,-,-,4.72,604.61,
31/01/2023,Fino Payments bank Apps,0.11,751.00%,-,-,-,-,-,-,0.11,7.51,
31/01/2023,GoIbibo,0.01,160.00%,-,-,-,-,-,-,0.01,1.6,
31/01/2023,Google Pay,"2,782.42",44372501.00%,-,-,-,-,-,-,"2,782.42","443,725.01",
31/01/2023,Groww,0.19,15217.00%,-,-,-,-,-,-,0.19,152.17,
31/01/2023,HDFC Bank Apps,12.3,332464.00%,-,-,0,16.00%,-,-,12.3,"3,324.81",
31/01/2023,HSBC Bank Apps,0.13,7554.00%,0.00%,4.00%,0,0.00%,-,-,0.13,75.58,
31/01/2023,ICICI Bank Apps,32.96,895032.00%,527.00%,37642.00%,6.9,776141.00%,-,-,45.14,"17,088.16",
31/01/2023,IDBI Bank Apps,0.07,3081.00%,-,-,-,-,-,-,0.07,30.81,
31/01/2023,IDFC Bank Apps,10.82,163562.00%,-,-,0.66,58658.00%,-,-,11.47,"2,222.20",
31/01/2023,India Post Payments Bank Apps,5.43,70737.00%,-,-,-,-,-,-,5.43,707.37,
31/01/2023,Indian Bank Apps,0.26,7338.00%,-,-,-,-,-,-,0.26,73.38,
31/01/2023,Indian Overseas Bank Apps,0.01,231.00%,-,-,-,-,-,-,0.01,2.31,
31/01/2023,IndusInd Bank Apps,0.84,96209.00%,-,-,-,-,-,-,0.84,962.09,
31/01/2023,Janata Sahakari Bank Apps,0.01,398.00%,-,-,-,-,-,-,0.01,3.98,
31/01/2023,Jio Payments Bank Apps,1.59,10884.00%,-,-,-,-,-,-,1.59,108.84,
31/01/2023,Jupiter,2.49,32388.00%,-,-,-,-,-,-,2.49,323.88,
31/01/2023,Karnataka Bank Apps,0.4,8581.00%,-,-,-,-,-,-,0.4,85.81,
31/01/2023,Karur Vysya Bank Apps,0.04,1527.00%,-,-,-,-,-,-,0.04,15.27,
31/01/2023,Kotak Mahindra Bank Apps,12.14,261259.00%,-,-,0,1.00%,-,-,12.14,"2,612.60",
31/01/2023,MakeMyTrip,0.08,3559.00%,-,-,-,-,-,-,0.08,35.59,
31/01/2023,Mobikwik,3.49,78548.00%,-,-,-,-,-,-,3.49,785.48,
31/01/2023,NSDL Payments Bank Apps,0.02,300.00%,-,-,-,-,-,-,0.02,3,
31/01/2023,Paytm Payments Bank App,"1,076.75",11964731.00%,775.00%,1810.00%,0.46,63822.00%,105.94,"19,369.36","1,190.89","139,673.00",
28/02/2023,Airtel Payments Bank Apps,8.71,73035.00%,-,-,0,1.00%,0,0.09,8.71,730.45,
28/02/2023,Allahabad Bank Apps,0.03,847.00%,-,-,-,-,-,-,0.03,8.47,
28/02/2023,Amazon Pay,47.8,498182.00%,-,-,-,-,-,-,47.8,"4,981.82",
28/02/2023,AU Small Finance Bank Apps,0.55,16507.00%,-,-,-,-,-,-,0.55,165.07,
28/02/2023,Axis Bank Apps,7.74,135253.00%,4419.00%,5861.00%,0.03,282.00%,-,-,51.95,"1,413.95",
28/02/2023,Bajaj Finserv,5.44,88275.00%,-,-,-,-,-,-,5.44,882.75,
28/02/2023,Bandhan Bank Apps,0.01,171.00%,-,-,-,-,-,-,0.01,1.71,
28/02/2023,Bank of Baroda Apps,1.14,40818.00%,-,-,0,115.00%,-,-,1.14,409.33,
28/02/2023,Bank of India Apps,0.24,6869.00%,0.00%,0.00%,-,-,-,-,0.24,68.69,
28/02/2023,Bank of Maharashtra Apps,0.07,1902.00%,-,-,-,-,-,-,0.07,19.02,
28/02/2023,BHIM,23.21,715837.00%,-,-,-,-,-,-,23.21,"7,158.37",
28/02/2023,Bajaj Finserv,0.01,343.00%,-,-,-,-,-,-,0.01,3.43,
28/02/2023,Canara Bank Apps,1.09,28423.00%,-,-,-,-,-,-,1.09,284.23,
28/02/2023,Central Bank of India Apps,0.32,7205.00%,-,-,0,10.00%,-,-,0.32,72.15,
28/02/2023,Citi Bank Apps,0.08,5937.00%,-,-,0,0.00%,-,-,0.08,59.37,
28/02/2023,City Union Bank Apps,0.06,1594.00%,-,-,-,-,-,-,0.06,15.94,
28/02/2023,Cointab,0.04,1640.00%,-,-,-,-,-,-,0.04,16.4,
28/02/2023,Cred,36.57,1790220.00%,-,-,-,-,-,-,36.57,"17,902.20",
28/02/2023,DBS Digibank Apps,0.39,16151.00%,-,-,-,-,-,-,0.39,161.51,
28/02/2023,Deutsche Bank Apps,1.31,11245.00%,-,-,0.01,590.00%,-,-,1.32,118.35,
28/02/2023,Transerv,0.02,313.00%,-,-,-,-,-,-,0.02,3.13,
28/02/2023,Dhanlaxmi Bank Apps,0.01,267.00%,-,-,-,-,-,-,0.01,2.67,
28/02/2023,Equitas Small Finance Bank Apps,0.02,1141.00%,-,-,-,-,-,-,0.02,11.41,
28/02/2023,EROUTE,0.17,608.00%,-,-,-,-,-,-,0.17,6.08,
28/02/2023,FamPay PPI,1.6,2173.00%,-,-,-,-,-,-,1.6,21.73,
28/02/2023,Fave,0.11,708.00%,-,-,-,-,-,-,0.11,7.08,
28/02/2023,Federal Bank Apps,4.76,59097.00%,-,-,0,0.00%,-,-,4.76,590.97,
28/02/2023,Fino Payments bank Apps,0.1,650.00%,-,-,-,-,-,-,0.1,6.5,
28/02/2023,Google Pay,"2,639.55",42444248.00%,-,-,-,-,-,-,"2,639.55","424,442.48",
28/02/2023,Groww,0.21,15890.00%,-,-,-,-,-,-,0.21,158.9,
28/02/2023,HDFC Bank Apps,11.87,311603.00%,-,-,0,14.00%,-,-,11.87,"3,116.17",
28/02/2023,HSBC Bank Apps,0.12,7302.00%,0.00%,2.00%,0,0.00%,-,-,0.12,73.04,
28/02/2023,ICICI Bank Apps,28.99,805444.00%,568.00%,39060.00%,5.84,638636.00%,-,-,40.52,"14,831.40",
28/02/2023,IDBI Bank Apps,0.07,2925.00%,-,-,-,-,-,-,0.07,29.25,
28/02/2023,IDFC Bank Apps,21.31,217607.00%,-,-,0.98,86814.00%,-,-,22.28,"3,044.21",
28/02/2023,India Post Payments Bank Apps,4.05,60949.00%,-,-,-,-,-,-,4.05,609.49,
28/02/2023,Indian Bank Apps,0.24,6844.00%,-,-,0,13.00%,-,-,0.24,68.57,
28/02/2023,Indian Overseas Bank Apps,0.01,231.00%,-,-,-,-,-,-,0.01,2.31,
28/02/2023,IndusInd Bank Apps,0.78,84843.00%,-,-,-,-,-,-,0.78,848.43,
28/02/2023,Jio Payments Bank Apps,1.5,10403.00%,-,-,-,-,-,-,1.5,104.03,
28/02/2023,Jupiter,2.39,31407.00%,-,-,-,-,-,-,2.39,314.07,
28/02/2023,Karnataka Bank Apps,0.39,8838.00%,-,-,-,-,-,-,0.39,88.38,
28/02/2023,Karur Vysya Bank Apps,0.04,1478.00%,-,-,-,-,-,-,0.04,14.78,
28/02/2023,Kotak Mahindra Bank Apps,12.09,252161.00%,-,-,0,3.00%,-,-,12.09,"2,521.65",
28/02/2023,MakeMyTrip,0.05,2270.00%,-,-,-,-,-,-,0.05,22.7,
28/02/2023,Mobikwik,3.39,80492.00%,-,-,-,-,-,-,3.39,804.92,
28/02/2023,NSDL Payments Bank Apps,0.02,300.00%,-,-,-,-,-,-,0.02,3,
28/02/2023,Paytm Payments Bank App,"1,027.97",11686436.00%,1052.00%,1708.00%,0.43,62178.00%,98.61,"19,025.03","1,137.53","136,528.25",
28/02/2023,PhonePe,"3,519.12",62012197.00%,-,-,-,-,-,-,"3,519.12","620,121.97",
28/02/2023,Punjab National Bank Apps,0.33,9001.00%,-,-,-,-,-,-,0.33,90.01,
31/03/2023,Airtel Payments Bank Apps,10.66,76139.00%,-,-,0,0.00%,0,0.11,10.66,761.51,
31/03/2023,Allahabad Bank Apps,0.03,833.00%,-,-,-,-,-,-,0.03,8.33,
31/03/2023,Amazon Pay,50.56,536090.00%,-,-,-,-,-,-,50.56,"5,360.90",
31/03/2023,AU Small Finance Bank Apps,0.62,18648.00%,-,-,-,-,-,-,0.62,186.48,
31/03/2023,Axis Bank Apps,9.31,170048.00%,4890.00%,27318.00%,0.03,300.00%,-,-,58.24,"1,976.67",
31/03/2023,Bajaj Finserv,6.7,96535.00%,-,-,-,-,-,-,6.7,965.35,
31/03/2023,Bajaj Finserv PPI,0.05,1222.00%,-,-,-,-,-,-,0.05,12.22,
31/03/2023,Bajaj Markets,0.01,35.00%,-,-,-,-,-,-,0.01,0.35,
31/03/2023,Bandhan Bank Apps,0.01,150.00%,-,-,-,-,-,-,0.01,1.5,
31/03/2023,Bank of America Apps,0.01,206.00%,-,-,0,0.00%,-,-,0.01,2.07,
31/03/2023,Bank of Baroda Apps,1.16,44684.00%,-,-,0,42.00%,-,-,1.16,447.25,
31/03/2023,Bank of India Apps,0.23,7114.00%,-,-,-,-,-,-,0.23,71.14,
31/03/2023,Bank of Maharashtra Apps,0.06,2129.00%,-,-,-,-,-,-,0.06,21.29,
31/03/2023,BHIM,23.68,749824.00%,-,-,-,-,-,-,23.68,"7,498.24",
31/03/2023,Canara Bank Apps,1.39,37443.00%,-,-,-,-,-,-,1.39,374.43,
31/03/2023,Central Bank of India Apps,0.36,8348.00%,-,-,0,9.00%,-,-,0.36,83.56,
31/03/2023,Citi Bank Apps,0.12,6755.00%,-,-,0,1.00%,-,-,0.12,67.55,
31/03/2023,City Union Bank Apps,0.06,1893.00%,-,-,-,-,-,-,0.06,18.93,
31/03/2023,Cointab,0.04,1907.00%,-,-,-,-,-,-,0.04,19.07,
31/03/2023,Cred,42.84,2105631.00%,-,-,-,-,-,-,42.84,"21,056.31",
31/03/2023,DBS Digibank Apps,0.41,17788.00%,-,-,-,-,-,-,0.41,177.88,
31/03/2023,Deutsche Bank Apps,1.72,16784.00%,-,-,0.02,1927.00%,-,-,1.73,187.11,
31/03/2023,Dhanlaxmi Bank Apps,0.01,321.00%,-,-,-,-,-,-,0.01,3.21,
31/03/2023,Equitas Small Finance Bank Apps,0.02,1357.00%,-,-,-,-,-,-,0.02,13.57,
31/03/2023,Eroute,0.27,1925.00%,-,-,-,-,-,-,0.27,19.25,
31/03/2023,Fampay PPI,9.49,12459.00%,-,-,-,-,-,-,9.49,124.59,
31/03/2023,Fave,0.08,640.00%,-,-,-,-,-,-,0.08,6.4,
31/03/2023,Federal Bank Apps,5.25,64850.00%,-,-,0,0.00%,-,-,5.25,648.51,
31/03/2023,Fino Payments bank Apps,0.13,818.00%,-,-,-,-,-,-,0.13,8.18,
31/03/2023,Google Pay,"3,054.44",48289669.00%,-,-,-,-,-,-,"3,054.44","482,896.69",
31/03/2023,Groww,0.18,13764.00%,-,-,-,-,-,-,0.18,137.64,
31/03/2023,HDFC Bank Apps,14.22,364487.00%,-,-,0,1.00%,-,-,14.22,"3,644.88",
31/03/2023,HSBC Bank Apps,0.14,8969.00%,0.00%,3.00%,0,0.00%,-,-,0.14,89.71,
31/03/2023,ICICI Bank Apps,29.46,877327.00%,487.00%,34816.00%,7.26,850271.00%,-,-,41.59,"17,624.14",
31/03/2023,IDBI Bank Apps,0.07,3238.00%,-,-,-,-,-,-,0.07,32.38,
31/03/2023,IDFC Bank Apps,13.36,266521.00%,-,-,0.67,64096.00%,-,-,14.02,"3,306.18",
31/03/2023,India Post Payments Bank Apps,4.44,66769.00%,-,-,-,-,-,-,4.44,667.69,
31/03/2023,Indian Bank Apps,0.26,7585.00%,-,-,0,1656.00%,-,-,0.26,92.41,
31/03/2023,Indian Overseas Bank Apps,0.02,447.00%,-,-,-,-,-,-,0.02,4.47,
31/03/2023,IndusInd Bank Apps,0.93,95035.00%,-,-,-,-,-,-,0.93,950.35,
31/03/2023,Janata Sahakari Bank Apps,0.01,374.00%,-,-,-,-,-,-,0.01,3.74,
31/03/2023,Jio Payments Bank Apps,1.68,11872.00%,-,-,-,-,-,-,1.68,118.72,
31/03/2023,Jupiter,2.66,35812.00%,-,-,-,-,-,-,2.66,358.12,
31/03/2023,Karnataka Bank Apps,0.42,9153.00%,-,-,-,-,-,-,0.42,91.53,
31/03/2023,Karur Vysya Bank Apps,0.04,1584.00%,-,-,-,-,-,-,0.04,15.84,
31/03/2023,Kotak Mahindra Bank Apps,13.77,285464.00%,-,-,0,1.00%,-,-,13.77,"2,854.65",
31/03/2023,LivQuick PPI,0.01,64.00%,-,-,-,-,-,-,0.01,0.64,
31/03/2023,MakeMyTrip,0.05,2350.00%,-,-,-,-,-,-,0.05,23.5,
31/03/2023,Mobikwik,3.64,93798.00%,-,-,-,-,-,-,3.64,937.98,
31/03/2023,NSDL Payments Bank Apps,0.03,347.00%,-,-,-,-,-,-,0.03,3.47,
30/04/2023,Airtel Payments Bank Apps,9.04,64016.00%,0.00%,0.00%,0,0.00%,0,0.06,9.04,640.22,
30/04/2023,Allahabad Bank Apps,0.03,896.00%,0.00%,0.00%,0,0.00%,0,0,0.03,8.96,
30/04/2023,Amazon Pay,53.44,535107.00%,0.00%,0.00%,0,0.00%,0,0,53.44,"5,351.07",
30/04/2023,AU Small Finance Bank Apps,0.63,18493.00%,0.00%,0.00%,0,0.00%,0,0,0.63,184.93,
30/04/2023,Axis Bank Apps,9.36,158445.00%,4235.00%,28263.00%,0.03,281.00%,0,0,51.74,"1,869.89",
30/04/2023,Bajaj Finserv,7.68,105308.00%,0.00%,0.00%,0,0.00%,0,0,7.68,"1,053.08",
30/04/2023,Bandhan Bank Apps,0.01,144.00%,0.00%,0.00%,0,0.00%,0,0,0.01,1.44,
30/04/2023,Bank of Baroda Apps,1.06,39274.00%,0.00%,0.00%,0,0.00%,0,0,1.06,392.74,
30/04/2023,Bank of India Apps,0.22,6693.00%,0.00%,0.00%,0,0.00%,0,0,0.22,66.93,
30/04/2023,Bank of Maharashtra Apps,0.06,1983.00%,0.00%,0.00%,0,0.00%,0,0,0.06,19.83,
30/04/2023,BHIM,23.77,736861.00%,0.00%,0.00%,0,0.00%,0,0,23.77,"7,368.61",
30/04/2023,BPAYWALLET,0.05,991.00%,0.00%,0.00%,0,0.00%,0,0,0.05,9.91,
30/04/2023,Canara Bank Apps,1.4,38346.00%,0.00%,0.00%,0,0.00%,0,0,1.4,383.46,
30/04/2023,Central Bank of India Apps,0.41,9119.00%,0.00%,0.00%,0,8.00%,0,0,0.41,91.27,
30/04/2023,Citi Bank Apps,0.1,5817.00%,0.00%,0.00%,0,0.00%,0,0,0.1,58.17,
30/04/2023,City Union Bank Apps,0.06,1831.00%,0.00%,0.00%,0,0.00%,0,0,0.06,18.31,
30/04/2023,Cointab,0.02,1061.00%,0.00%,0.00%,0,0.00%,0,0,0.02,10.61,
30/04/2023,Cred,45.7,2072956.00%,0.00%,0.00%,0,0.00%,0,0,45.7,"20,729.56",
30/04/2023,DBS Digibank Apps,0.41,17313.00%,0.00%,0.00%,0,0.00%,0,0,0.41,173.13,
30/04/2023,Deutsche Bank Apps,1.65,14280.00%,0.00%,0.00%,0,86.00%,0,0,1.65,143.66,
30/04/2023,DHANI,0.08,921.00%,0.00%,0.00%,0,0.00%,0,0,0.08,9.21,
30/04/2023,Dhanlaxmi Bank Apps,0.01,280.00%,0.00%,0.00%,0,0.00%,0,0,0.01,2.8,
30/04/2023,Equitas Small Finance Bank Apps,0.02,1386.00%,0.00%,0.00%,0,0.00%,0,0,0.02,13.86,
30/04/2023,FAM,11.78,14658.00%,0.00%,0.00%,0,0.00%,0,0,11.78,146.58,
30/04/2023,Fave,0.03,327.00%,0.00%,0.00%,0,0.00%,0,0,0.03,3.27,
30/04/2023,Federal Bank Apps,5.18,62464.00%,0.00%,0.00%,0,0.00%,0,0,5.18,624.64,
30/04/2023,Fino Payments bank Apps,0.08,567.00%,0.00%,0.00%,0,0.00%,0,0,0.08,5.67,
30/04/2023,Google Pay,"3,109.24",47404990.00%,0.00%,0.00%,0,0.00%,0,0,"3,109.24","474,049.90",
30/04/2023,Groww,0.11,8085.00%,0.00%,0.00%,0,0.00%,0,0,0.11,80.85,
30/04/2023,HDFC Bank Apps,14.48,368533.00%,0.00%,0.00%,0,1648.00%,0,0,14.48,"3,701.81",
30/04/2023,HSBC Bank Apps,0.14,9010.00%,0.00%,3.00%,0,0.00%,0,0,0.14,90.13,
30/04/2023,ICICI Bank Apps,30.69,894159.00%,534.00%,32396.00%,5.95,743902.00%,0,0,41.98,"16,704.57",
30/04/2023,IDBI Bank Apps,0.07,3202.00%,0.00%,0.00%,0,0.00%,0,0,0.07,32.02,
30/04/2023,IDFC Bank Apps,11.96,227412.00%,0.00%,0.00%,0.71,59119.00%,0,0,12.66,"2,865.32",
30/04/2023,India Post Payments Bank Apps,5.24,74648.00%,0.00%,0.00%,0,0.00%,0,0,5.24,746.48,
30/04/2023,Indian Bank Apps,0.27,7566.00%,0.00%,0.00%,0,1071.00%,0,0,0.27,86.37,
30/04/2023,Indian Overseas Bank Apps,0.03,776.00%,0.00%,0.00%,0,0.00%,0,0,0.03,7.76,
30/04/2023,IndusInd Bank Apps,0.8,87727.00%,0.00%,0.00%,0,0.00%,0,0,0.8,877.27,
30/04/2023,Jio Payments Bank Apps,1.49,11221.00%,0.00%,0.00%,0,0.00%,0,0,1.49,112.21,
30/04/2023,Jupiter,2.72,38027.00%,0.00%,0.00%,0,0.00%,0,0,2.72,380.27,
30/04/2023,Akudo & Muvin (Livquik),0.11,425.00%,0.00%,0.00%,0,0.00%,0,0,0.11,4.25,
30/04/2023,Karnataka Bank Apps,0.51,11035.00%,0.00%,0.00%,0,0.00%,0,0,0.51,110.35,
30/04/2023,Karur Vysya Bank Apps,0.04,1419.00%,0.00%,0.00%,0,0.00%,0,0,0.04,14.19,
30/04/2023,Kotak Mahindra Bank Apps,13.98,284564.00%,0.00%,0.00%,0,1.00%,0,0,13.98,"2,845.65",
30/04/2023,MakeMyTrip,0.02,1291.00%,0.00%,0.00%,0,0.00%,0,0,0.02,12.91,
30/04/2023,Mobikwik,3.48,92359.00%,0.00%,0.00%,0,0.00%,0,0,3.48,923.59,
30/04/2023,NSDL Payments Bank Apps,0.02,342.00%,0.00%,0.00%,0,0.00%,0,0,0.02,3.42,
30/04/2023,OMNI,0.26,674.00%,0.00%,0.00%,0,0.00%,0,0,0.26,6.74,
30/04/2023,Paytm Payments Bank App,"1,184.38",13534396.00%,883.00%,1425.00%,0.53,79327.00%,105.52,"19,560.25","1,299.25","155,711.73",
30/04/2023,PhonePe,"4,216.99",71017844.00%,0.00%,0.00%,0,0.00%,0,0,"4,216.99","710,178.44",
31/05/2023,Airtel Payments Bank Apps,9.17,62709.00%,0.00%,0.00%,0,0.00%,0,0.08,9.17,627.17,
31/05/2023,Allahabad Bank Apps,0.03,887.00%,0.00%,0.00%,0,0.00%,0,0,0.03,8.87,
31/05/2023,Amazon Pay,57.08,577268.00%,0.00%,0.00%,0,0.00%,0,0,57.08,"5,772.68",
31/05/2023,AU Small Finance Bank Apps,0.65,19387.00%,0.00%,0.00%,0,0.00%,0,0,0.65,193.87,
31/05/2023,Axis Bank Apps,10.19,169723.00%,3700.00%,21700.00%,0.03,300.00%,0,0,47.38,"1,916.44",
31/05/2023,Bajaj Finserv,9.12,118982.00%,0.00%,0.00%,0,0.00%,0,0,9.12,"1,189.82",
31/05/2023,Bank of Baroda Apps,1.11,41202.00%,0.00%,0.00%,0,0.00%,0,0,1.11,412.03,
31/05/2023,Bank of India Apps,0.22,6986.00%,0.00%,0.00%,0,0.00%,0,0,0.22,69.87,
31/05/2023,BHIM,22.96,720987.00%,0.00%,0.00%,0,0.00%,0,0,22.96,"7,209.87",
31/05/2023,BPAYWALLET,0.06,965.00%,0.00%,0.00%,0,0.00%,0,0,0.06,9.65,
31/05/2023,Canara Bank Apps,1.48,43127.00%,0.00%,0.00%,0,0.00%,0,0,1.48,431.27,
31/05/2023,Central Bank of India Apps,0.43,9552.00%,0.00%,0.00%,0,0.00%,0,0,0.43,95.58,
31/05/2023,Citi Bank Apps,0.09,5538.00%,0.00%,0.00%,0,0.00%,0,0,0.09,55.38,
31/05/2023,City Union Bank Apps,0.06,2002.00%,0.00%,0.00%,0,0.00%,0,0,0.06,20.02,
31/05/2023,Cointab,0.01,424.00%,0.00%,0.00%,0,0.00%,0,0,0.01,4.24,
31/05/2023,Cred,61.04,2342674.00%,0.00%,0.00%,0,0.00%,0,0,61.04,"23,426.74",
31/05/2023,DBS Digibank Apps,0.42,17475.00%,0.00%,0.00%,0,0.00%,0,0,0.42,174.75,
31/05/2023,Deutsche Bank Apps,1.89,17425.00%,0.00%,0.00%,0,0.00%,0,0,1.89,174.27,
31/05/2023,DHANI,0.04,755.00%,0.00%,0.00%,0,0.00%,0,0,0.04,7.55,
31/05/2023,Dhanlaxmi Bank Apps,0.01,293.00%,0.00%,0.00%,0,0.00%,0,0,0.01,2.93,
31/05/2023,Equitas Small Finance Bank Apps,0.03,1631.00%,0.00%,0.00%,0,0.00%,0,0,0.03,16.31,
31/05/2023,FAM,13.78,16650.00%,0.00%,0.00%,0,0.00%,0,0,13.78,166.5,
31/05/2023,Fave,0.02,168.00%,0.00%,0.00%,0,0.00%,0,0,0.02,1.68,
31/05/2023,Federal Bank Apps,5.12,64360.00%,0.00%,0.00%,0,0.00%,0,0,5.12,643.62,
31/05/2023,Fino Payments bank Apps,0.09,660.00%,0.00%,0.00%,0,0.00%,0,0,0.09,6.6,
31/05/2023,Google Pay,"3,274.69",49774817.00%,0.00%,0.00%,0,0.00%,0,0,"3,274.69","497,748.17",
31/05/2023,Groww,0.47,28797.00%,0.00%,0.00%,0,0.00%,0,0,0.47,287.97,
31/05/2023,HDFC Bank Apps,16.07,397933.00%,0.00%,0.00%,0,300.00%,0,0,16.07,"3,982.69",
31/05/2023,HSBC Bank Apps,0.14,8742.00%,0.00%,0.00%,0,0.00%,0,0,0.14,87.5,
31/05/2023,ICICI Bank Apps,33.59,996541.00%,523.00%,38000.00%,5.09,675500.00%,0,0,43.92,"17,101.09",
31/05/2023,IDBI Bank Apps,0.08,3464.00%,0.00%,0.00%,0,0.00%,0,0,0.08,34.64,
31/05/2023,IDFC Bank Apps,8.52,168860.00%,0.00%,0.00%,0.04,700.00%,0,0,8.56,"1,696.01",
31/05/2023,India Post Payments Bank Apps,5.04,77577.00%,0.00%,0.00%,0,0.00%,0,0,5.04,775.77,
31/05/2023,Indian Bank Apps,0.28,8031.00%,0.00%,0.00%,0,400.00%,0,0,0.28,84.07,
31/05/2023,Indian Overseas Bank Apps,0.04,1050.00%,0.00%,0.00%,0,0.00%,0,0,0.04,10.5,
31/05/2023,IndusInd Bank Apps,0.81,88610.00%,0.00%,0.00%,0,0.00%,0,0,0.81,886.1,
31/05/2023,Jammu and Kashmir Bank Apps,0.01,200.00%,0.00%,0.00%,0,0.00%,0,0,0.01,2,
31/05/2023,Jio Payments Bank Apps,1.56,11980.00%,0.00%,0.00%,0,0.00%,0,0,1.56,119.8,
31/05/2023,Jupiter,2.94,41504.00%,0.00%,0.00%,0,0.00%,0,0,2.94,415.04,
31/05/2023,Akudo & Muvin (Livquik),0.18,662.00%,0.00%,0.00%,0,0.00%,0,0,0.18,6.62,
31/05/2023,Karnataka Bank Apps,0.63,12713.00%,0.00%,0.00%,0,0.00%,0,0,0.63,127.13,
31/05/2023,Karur Vysya Bank Apps,0.04,1365.00%,0.00%,0.00%,0,0.00%,0,0,0.04,13.65,
31/05/2023,Kotak Mahindra Bank Apps,16.31,313904.00%,0.00%,0.00%,0,0.00%,0,0,16.31,"3,139.05",
31/05/2023,MakeMyTrip,0.02,801.00%,0.00%,0.00%,0,0.00%,0,0,0.02,8.01,
31/05/2023,Mobikwik,3.59,99792.00%,0.00%,0.00%,0,0.00%,0,0,3.59,997.92,
31/05/2023,NSDL Payments Bank Apps,0.02,328.00%,0.00%,0.00%,0,0.00%,0,0,0.02,3.28,
31/05/2023,OMNI,0.39,1010.00%,0.00%,0.00%,0,0.00%,0,0,0.39,10.1,
31/05/2023,Paytm Payments Bank App,"1,229.38",14229176.00%,395.00%,700.00%,0.56,88700.00%,108.39,21658.48884,"1,342.28","164,843.79",
31/05/2023,PhonePe,"4,499.20",75727668.00%,0.00%,0.00%,0,0.00%,0,0,"4,499.20","757,276.68",
31/05/2023,PINELABS,0.06,325.00%,0.00%,0.00%,0,0.00%,0,0,0.06,3.25,
30/06/2023,PhonePe,"4,461.40",74555220.00%,0.00%,0.00%,0,0.00%,,,"4,461.36","745,552.20",
30/06/2023,Google Pay,"3,266.80",49408800.00%,0.00%,0.00%,0,0.00%,,,"3,266.83","494,088.00",
30/06/2023,Paytm Payments Bank App,"1,197.30",13995010.00%,140.00%,420.00%,0.6,86680.00%,108.1,"21,673.70","1,307.48","162,494.80",
30/06/2023,Cred,73.9,2643180.00%,0.00%,0.00%,0,0.00%,,,73.93,"26,431.80",
30/06/2023,Amazon Pay,52.9,564790.00%,0.00%,0.00%,0,0.00%,,,52.89,"5,647.90",
30/06/2023,Axis Bank Apps,9.7,169270.00%,3790.00%,53710.00%,0,190.00%,,,47.64,"2,231.70",
30/06/2023,ICICI Bank Apps,27.1,859930.00%,480.00%,33800.00%,5.7,730650.00%,,,37.63,"16,243.70",
30/06/2023,Yes Bank Apps,35.8,1272180.00%,0.00%,0.00%,0.7,27560.00%,,,36.46,"12,997.50",
30/06/2023,BHIM,23.1,728900.00%,0.00%,0.00%,0,0.00%,,,23.11,"7,289.00",
30/06/2023,HDFC Bank Apps,17.6,416860.00%,0.00%,0.00%,0,0.00%,,,17.56,"4,168.60",
30/06/2023,Kotak Mahindra Bank Apps,17.4,320250.00%,0.00%,0.00%,0,0.00%,,,17.38,"3,202.50",
30/06/2023,WhatsApp,16,144330.00%,0.00%,0.00%,0,0.00%,,,16,"1,443.30",
30/06/2023,Fampay,15,18470.00%,0.00%,0.00%,0,0.00%,,,14.99,184.7,
30/06/2023,Bajaj Finserv,9.8,131260.00%,0.00%,0.00%,0,0.00%,,,9.76,"1,312.60",
30/06/2023,Airtel Payments Bank Apps,8.8,63210.00%,0.00%,0.00%,0,0.00%,0,0.1,8.84,632.2,
30/06/2023,IDFC Bank Apps,6.3,152810.00%,0.00%,0.00%,0,1220.00%,,,6.31,"1,540.30",
30/06/2023,Samsung Pay,5.6,52280.00%,0.00%,0.00%,0,0.00%,,,5.61,522.8,
30/06/2023,Federal Bank Apps,4.9,63000.00%,0.00%,0.00%,0,0.00%,,,4.86,630,
30/06/2023,India Post Payments Bank Apps,4.8,74250.00%,0.00%,0.00%,0,0.00%,,,4.83,742.5,
30/06/2023,State Bank of India Apps,4.6,195930.00%,0.00%,0.00%,0,40.00%,,,4.64,"1,959.70",
30/06/2023,Mobikwik,3.6,106040.00%,0.00%,0.00%,0,0.00%,,,3.58,"1,060.40",
30/06/2023,Jupiter,3,42480.00%,0.00%,0.00%,0,0.00%,,,2.96,424.8,
30/06/2023,Deutsche Bank Apps,1.8,12560.00%,0.00%,0.00%,0,0.00%,,,1.81,125.6,
30/06/2023,Canara Bank Apps,1.6,46270.00%,0.00%,0.00%,0,0.00%,,,1.58,462.7,
30/06/2023,Groww,1.5,103960.00%,0.00%,0.00%,0,0.00%,,,1.45,"1,039.60",
30/06/2023,Standard Chartered Bank Apps,1.2,52260.00%,0.00%,0.00%,0.2,15000.00%,,,1.4,672.6,
30/06/2023,Jio Payments Bank Apps,1.4,11320.00%,0.00%,0.00%,0,0.00%,,,1.35,113.2,
30/06/2023,RBL Bank Apps,1.1,49340.00%,0.00%,0.00%,0.2,440.00%,,,1.29,497.9,
30/06/2023,Bank of Baroda Apps,1.2,42760.00%,0.00%,0.00%,0,10.00%,,,1.19,427.7,
30/06/2023,slice,0.9,27280.00%,0.00%,0.00%,0,0.00%,,,0.88,272.8,
30/06/2023,IndusInd Bank Apps,0.8,89760.00%,0.00%,0.00%,0,0.00%,,,0.79,897.6,
30/06/2023,Union Bank Apps,0.8,31890.00%,0.00%,0.00%,0,0.00%,,,0.79,318.9,
30/06/2023,Punjab National Bank Apps,0.8,16970.00%,0.00%,0.00%,0,0.00%,,,0.77,169.7,
30/06/2023,AU Small Finance Bank Apps,0.6,19610.00%,0.00%,0.00%,0,0.00%,,,0.64,196.1,
30/06/2023,Karnataka Bank Apps,0.6,12590.00%,0.00%,0.00%,0,0.00%,,,0.61,125.9,
30/06/2023,OmniCard,0.5,1390.00%,0.00%,0.00%,0,0.00%,,,0.48,13.9,
30/06/2023,Central Bank of India Apps,0.4,9740.00%,0.00%,0.00%,0,10.00%,,,0.44,97.6,
30/06/2023,DBS Digibank Apps,0.4,16690.00%,0.00%,0.00%,0,0.00%,,,0.41,166.9,
30/06/2023,UCO Bank Apps,0.3,10760.00%,0.00%,0.00%,0,0.00%,,,0.33,107.6,
30/06/2023,Indian Bank Apps,0.3,8020.00%,0.00%,0.00%,0,110.00%,,,0.28,81.2,
30/06/2023,South Indian Bank Apps,0.3,7050.00%,0.00%,0.00%,0,0.00%,,,0.25,70.5,
30/06/2023,Bank of India Apps,0.2,7190.00%,0.00%,0.00%,0,0.00%,,,0.23,71.9,
30/06/2023,Jupiter Edge (LivQuick PPI),0.2,1130.00%,0.00%,0.00%,0,0.00%,,,0.21,11.3,
30/06/2023,HSBC Bank Apps,0.2,8910.00%,0.00%,10.00%,0,0.00%,,,0.15,89.2,
30/06/2023,Fino Payments bank Apps,0.1,920.00%,0.00%,0.00%,0,0.00%,,,0.13,9.2,
30/06/2023,TataNeu,0.1,1760.00%,0.00%,0.00%,0,0.00%,,,0.12,17.6,
30/06/2023,Tamilnad Mercantile Bank Apps,0.1,1890.00%,0.00%,0.00%,0,0.00%,,,0.08,18.9,
30/06/2023,IDBI Bank Apps,0.1,3410.00%,0.00%,0.00%,0,0.00%,,,0.08,34.1,
30/06/2023,Citi Bank Apps,0.1,5420.00%,0.00%,0.00%,0,0.00%,,,0.07,54.2,
30/06/2023,Fave,0.1,460.00%,0.00%,0.00%,0,0.00%,,,0.07,4.6,
31/07/2023,PhonePe,4743.66,761247.87,0,0,0,0,,,4743.66,761247.87,
31/07/2023,Google Pay,3494.64,518095.1,0,0,0,0,,,3494.64,518095.1,
31/07/2023,Paytm Payments Bank App,1278.96,147723.3,1.4,4.19,0.57,887.53,112.74,22152.33,1393.66,170767.35,
31/07/2023,Cred,80.34,30999.71,0,0,0,0,,,80.34,30999.71,
31/07/2023,Axis Bank Apps,9.77,1767.83,54.52,1447.04,0.01,2.16,,,64.3,3217.03,
31/07/2023,Amazon Pay,57.6,6163.84,0,0,0,0,,,57.6,6163.84,
31/07/2023,ICICI Bank Apps,24.47,8077.88,4.14,312.8,7.31,9379.69,,,35.92,17770.37,
31/07/2023,Yes Bank Apps,31.53,11419.73,0,0,0.48,83.07,,,32.01,11502.79,
31/07/2023,BHIM,24.94,8244.91,0,0,0,0,,,24.94,8244.91,
31/07/2023,Kotak Mahindra Bank Apps,18.56,3480.59,0,0,0,0.01,,,18.56,3480.6,
31/07/2023,WhatsApp,17.84,1598.67,0,0,0,0,,,17.84,1598.67,
31/07/2023,HDFC Bank Apps,17.77,4410.51,0,0,0,0,,,17.77,4410.51,
31/07/2023,Fampay,16.79,206.43,0,0,0,0,,,16.79,206.43,
31/07/2023,Bajaj Finserv,12.11,1740.97,0,0,0,0,,,12.11,1740.97,
31/07/2023,Airtel Payments Bank Apps,9.65,665.97,0,0,0,0.01,0,0.07,9.65,666.04,
31/07/2023,Samsung Pay,5.81,544.13,0,0,0,0,,,5.81,544.13,
31/07/2023,India Post Payments Bank Apps,5.43,587.75,0,0,0,0,,,5.43,587.75,
31/07/2023,Federal Bank Apps,5.19,665.11,0,0,0,0,,,5.19,665.11,
31/07/2023,State Bank of India Apps,4.99,2094.63,0,0,0.02,0.52,,,5.01,2095.15,
31/07/2023,IDFC Bank Apps,4.17,1121.41,0,0,0,0,,,4.17,1121.41,
31/07/2023,Standard Chartered Bank Apps,3.54,1606.29,0,0,0.6,523.09,,,4.14,2129.38,
31/07/2023,Mobikwik,3.79,1140.63,0,0,0,0,,,3.79,1140.63,
31/07/2023,Jupiter,3.27,466.39,0,0,0,0,,,3.27,466.39,
31/07/2023,Groww,2.81,2075.98,0,0,0,0,,,2.81,2075.98,
31/07/2023,Deutsche Bank Apps,1.83,175.5,0,0,0,0.02,,,1.83,175.52,
31/07/2023,Canara Bank Apps,1.73,514.02,0,0,0,0,,,1.73,514.02,
31/07/2023,Kiwi,1.53,52.51,0,0,0,0,,,1.53,52.51,
31/07/2023,Bank of Baroda Apps,1.34,477.16,0,0,0,0,,,1.34,477.16,
31/07/2023,Jio Payments Bank Apps,1.34,114.12,0,0,0,0,,,1.34,114.12,
31/07/2023,RBL Bank Apps,1.13,523.22,0,0.01,0.14,6.35,,,1.28,529.58,
31/07/2023,slice,0.94,301,0,0,0,0,,,0.94,301,
31/07/2023,Union Bank Apps,0.88,349.19,0,0,0,0,,,0.88,349.19,
31/07/2023,IndusInd Bank Apps,0.84,723.32,0,0,0,0,,,0.84,723.32,
31/07/2023,Punjab National Bank Apps,0.79,181.5,0,0,0,0,,,0.79,181.5,
31/07/2023,AU Small Finance Bank Apps,0.68,209.86,0,0,0,0,,,0.68,209.86,
31/07/2023,Omnicard,0.62,19.49,0,0,0,0,,,0.62,19.49,
31/07/2023,Karnataka Bank Apps,0.61,124.34,0,0,0,0,,,0.61,124.34,
31/07/2023,DBS Digibank Apps,0.44,179.34,0,0,0,0.37,,,0.44,179.72,
31/07/2023,Central Bank of India Apps,0.44,97.52,0,0,0,0.23,,,0.44,97.75,
31/07/2023,UCO Bank Apps,0.36,116.31,0,0,0,0,,,0.36,116.31,
31/07/2023,Indian Bank Apps,0.31,92.29,0,0,0,0.35,,,0.31,92.64,
31/07/2023,South Indian Bank Apps,0.25,73.83,0,0,0,0,,,0.25,73.83,
31/07/2023,Bank of India Apps,0.25,78.83,0,0,0,0,,,0.25,78.83,
31/07/2023,Fino Payments bank Apps,0.17,13.36,0,0,0,0,,,0.17,13.36,
31/07/2023,HSBC Bank Apps,0.16,96.44,0,0.08,0,0,,,0.16,96.52,
31/07/2023,Fave,0.12,7.56,0,0,0,0,,,0.12,7.56,
31/07/2023,Bajaj Finserv PPI,0.11,25.8,0,0,0,0,,,0.11,25.8,
31/07/2023,TataNeu,0.1,16.7,0,0,0,0,,,0.1,16.7,
31/07/2023,Tamilnad Mercantile Bank Apps,0.1,23.5,0,0,0,0,,,0.1,23.5,
31/07/2023,IDBI Bank Apps,0.07,37.4,0,0,0,0,,,0.07,37.4,
31/08/2023,PhonePe,4987.33,775265.57,0,0,0,0,0,0,4987.33,775265.57,
31/08/2023,Google Pay,3767.68,538113.42,0,0,0,0,0,0,3767.68,538113.42,
31/08/2023,Paytm Payments Bank App,1363.05,153577.58,1.86,5.06,0.59,939,119.32,22282.87,1484.82,176804.51,
31/08/2023,Cred,85.13,31926.2,0,0,0,0,0,0,85.13,31926.2,
31/08/2023,Axis Bank Apps,9.37,1753.27,60,1275.96,0.05,7.88,0,0,69.43,3037.11,
31/08/2023,Amazon Pay,54.02,5836.99,0,0,0,0,0,0,54.02,5836.99,
31/08/2023,ICICI Bank Apps,25.85,9721.96,4.29,333.25,8.42,10943.9,0,0,38.57,20999.12,
31/08/2023,Yes Bank Apps,28.51,11154.68,0,0,0.44,100.09,0,0,28.94,11254.77,
31/08/2023,BHIM,24.61,7793.58,0,0,0,0,0,0,24.61,7793.58,
31/08/2023,Kotak Mahindra Bank Apps,21.16,3675.16,0,0,0.01,2.88,0,0,21.17,3678.04,
31/08/2023,FAM,20.27,235.89,0,0,0,0,0,0,20.27,235.89,
31/08/2023,WhatsApp,19.7,1677.53,0,0,0,0,0,0,19.7,1677.53,
31/08/2023,HDFC Bank Apps,18.94,4671.76,0,0,0,0,0,0,18.94,4671.76,
31/08/2023,Bajaj Finserv,13.22,1995.11,0,0,0,0,0,0,13.22,1995.11,
31/08/2023,Airtel Payments Bank Apps,10.2,699.21,0,0,0,0,0,0.06,10.2,699.27,
31/08/2023,Samsung Pay,6,538.48,0,0,0,0,0,0,6,538.48,
31/08/2023,Federal Bank Apps,5.7,700.65,0,0,0,0.01,0,0,5.7,700.66,
31/08/2023,India Post Payments Bank Apps,5.56,498.37,0,0,0,0,0,0,5.56,498.37,
31/08/2023,State Bank of India Apps,5.36,2104.14,0,0,0.02,0.67,0,0,5.39,2104.81,
31/08/2023,Groww,4.74,2911.09,0,0,0,0,0,0,4.74,2911.09,
31/08/2023,IDFC Bank Apps,4.36,1107.81,0,0,0,0,0,0,4.36,1107.81,
31/08/2023,Mobikwik,3.96,1203.54,0,0,0,0,0,0,3.96,1203.54,
31/08/2023,Jupiter,3.94,500.95,0,0,0,0,0,0,3.94,500.95,
31/08/2023,Standard Chartered Bank Apps,3.31,369.55,0,0,0.28,144.89,0,0,3.59,514.44,
31/08/2023,Deutsche Bank Apps,2.08,359.84,0,0,0,0.01,0,0,2.08,359.86,
31/08/2023,Canara Bank Apps,1.64,492.29,0,0,0,0,0,0,1.64,492.29,
31/08/2023,Jio Payments Bank Apps,1.42,113.65,0,0,0,0,0,0,1.42,113.65,
31/08/2023,RBL Bank Apps,1.2,540.67,0,0.02,0.19,7.62,0,0,1.38,548.31,
31/08/2023,Bank of Baroda Apps,1.27,462.61,0,0,0,4.23,0,0,1.27,466.84,
31/08/2023,slice,0.96,306.89,0,0,0,0,0,0,0.96,306.89,
31/08/2023,Union Bank Apps,0.9,324.77,0,0,0,0,0,0,0.9,324.77,
31/08/2023,Punjab National Bank Apps,0.86,179.75,0,0,0,0,0,0,0.86,179.75,
31/08/2023,IndusInd Bank Apps,0.85,391.31,0,0,0,0,0,0,0.85,391.31,
31/08/2023,OMNI,0.77,25.2,0,0,0,0,0,0,0.77,25.2,
31/08/2023,AU Small Finance Bank Apps,0.71,218.16,0,0,0,0,0,0,0.71,218.16,
31/08/2023,KIWI,0.69,69.86,0,0,0,0,0,0,0.69,69.86,
31/08/2023,Karnataka Bank Apps,0.65,127.83,0,0,0,0,0,0,0.65,127.83,
31/08/2023,DBS Digibank Apps,0.46,173.89,0,0,0,0.18,0,0,0.46,174.06,
31/08/2023,Central Bank of India Apps,0.45,96.12,0,0,0,0.29,0,0,0.45,96.41,
31/08/2023,UCO Bank Apps,0.38,132.77,0,0,0,0,0,0,0.38,132.77,
31/08/2023,Indian Bank Apps,0.33,88.52,0,0,0,3.17,0,0,0.33,91.69,
31/08/2023,Bank of India Apps,0.29,85.09,0,0,0,0,0,0,0.29,85.09,
31/08/2023,South Indian Bank Apps,0.28,77.42,0,0,0,0,0,0,0.28,77.42,
31/08/2023,Fino Payments bank Apps,0.21,15.43,0,0,0,0,0,0,0.21,15.43,
31/08/2023,HSBC Bank Apps,0.17,98.09,0,0.1,0,0,0,0,0.17,98.19,
31/08/2023,BPAYWALLET,0.15,32.07,0,0,0,0,0,0,0.15,32.07,
31/08/2023,Fave,0.12,7.54,0,0,0,0,0,0,0.12,7.54,
31/08/2023,TataNeu,0.1,16.09,0,0,0,0,0,0,0.1,16.09,
31/08/2023,Tamilnad Mercantile Bank Apps,0.1,25.45,0,0,0,0,0,0,0.1,25.45,
30/09/2023,PhonePe,"4,972.81","774,845.98",0,0,0,0,0,0,"4,972.81","774,845.98",
30/09/2023,Google Pay,"3,780.89","541,624.06",0,0,0,0,0,0,"3,780.89","541,624.06",
30/09/2023,Paytm Payments Bank App,"1,333.38","153,708.60",3.47,8.06,0.58,935.71,114.56,"22,213.09","1,451.99","176,865.46",
30/09/2023,Cred,86.5,"31,558.20",0,0,0,0,0,0,86.5,"31,558.20",
30/09/2023,Axis Bank Apps,8.93,"1,721.75",59.77,"1,856.50",0.06,6.66,0,0,68.76,"3,584.91",
30/09/2023,Amazon Pay,48.78,"5,386.29",0,0,0,0,0,0,48.78,"5,386.29",
30/09/2023,ICICI Bank Apps,25.9,"9,874.70",4.05,359.88,7.58,"9,818.34",0,0,37.52,"20,052.91",
30/09/2023,Yes Bank Apps,28.09,"10,794.85",0,0,0.41,53.11,0,0,28.49,"10,847.96",
30/09/2023,BHIM,24.15,"8,005.18",0,0,0,0,0,0,24.15,"8,005.18",
30/09/2023,FAM,22.88,263.37,0,0,0,0,0,0,22.88,263.37,
30/09/2023,Kotak Mahindra Bank Apps,21.57,"3,737.25",0,0,0,0.01,0,0,21.57,"3,737.26",
30/09/2023,WhatsApp,20.55,"1,732.15",0,0,0,0,0,0,20.55,"1,732.15",
30/09/2023,HDFC Bank Apps,18.87,"4,739.38",0,0,0,0,0,0,18.87,"4,739.39",
30/09/2023,Bajaj Finserv,14.14,"2,069.98",0,0,0,0,0,0,14.14,"2,069.98",
30/09/2023,Airtel Payments Bank Apps,10.45,747.05,0,0,0,0.04,0,0.12,10.46,747.21,
30/09/2023,Groww,6.5,"3,596.95",0,0,0,0,0,0,6.5,"3,596.95",
30/09/2023,Samsung Pay,5.81,528.2,0,0,0,0,0,0,5.81,528.2,
30/09/2023,Federal Bank Apps,5.54,692.03,0,0,0,0,0,0,5.54,692.03,
30/09/2023,State Bank of India Apps,5.4,"2,130.26",0,0,0.02,0.64,0,0,5.42,"2,130.89",
30/09/2023,India Post Payments Bank Apps,5.28,447.37,0,0,0,0,0,0,5.28,447.37,
30/09/2023,IDFC Bank Apps,4.42,"1,109.67",0,0,0,0,0,0,4.42,"1,109.67",
30/09/2023,Jupiter,4.05,529.64,0,0,0,0,0,0,4.05,529.64,
30/09/2023,Mobikwik,3.92,"1,182.65",0,0,0,0,0,0,3.92,"1,182.65",
30/09/2023,Standard Chartered Bank Apps,1.72,148.27,0,0,0.31,182.94,0,0,2.03,331.21,
30/09/2023,Deutsche Bank Apps,1.93,315.27,0,0,0,0.02,0,0,1.93,315.29,
30/09/2023,Canara Bank Apps,1.89,569.48,0,0,0,0,0,0,1.89,569.48,
30/09/2023,RBL Bank Apps,1.34,565.87,0,0,0.26,9.74,0,0,1.6,575.61,
30/09/2023,Jio Payments Bank Apps,1.44,108.84,0,0,0,0,0,0,1.44,108.84,
30/09/2023,Bank of Baroda Apps,1.22,470.91,0,0,0,5.52,0,0,1.22,476.43,
30/09/2023,slice,1.06,310.9,0,0,0,0,0,0,1.06,310.9,
30/09/2023,Punjab National Bank Apps,1,197.93,0,0,0,0,0,0,1,197.93,
30/09/2023,OMNI,0.98,36.12,0,0,0,0,0,0,0.98,36.12,
30/09/2023,IndusInd Bank Apps,0.89,182.26,0,0,0,0,0,0,0.89,182.26,
30/09/2023,Union Bank Apps,0.87,324.39,0,0,0,0,0,0,0.87,324.39,
30/09/2023,AU Small Finance Bank Apps,0.66,214.25,0,0,0,0,0,0,0.66,214.25,
30/09/2023,GOAXB,0.64,74.94,0,0,0,0,0,0,0.64,74.94,
30/09/2023,Karnataka Bank Apps,0.62,125.7,0,0,0,0,0,0,0.62,125.7,
30/09/2023,DBS Digibank Apps,0.45,178.89,0,0,0,0.53,0,0,0.45,179.42,
30/09/2023,Central Bank of India Apps,0.4,94.84,0,0,0,0.38,0,0,0.4,95.22,
30/09/2023,UCO Bank Apps,0.37,127.06,0,0,0,0,0,0,0.37,127.06,
30/09/2023,Indian Bank Apps,0.32,89.16,0,0,0.01,60.16,0,0,0.33,149.32,
30/09/2023,Bank of India Apps,0.28,86.17,0,0,0,0,0,0,0.28,86.17,
30/09/2023,NAVIAXIS,0.27,17.75,0,0,0,0,0,0,0.27,17.75,
30/09/2023,South Indian Bank Apps,0.26,72.9,0,0,0,0,0,0,0.26,72.9,
30/09/2023,Fino Payments bank Apps,0.22,15.99,0,0,0,0,0,0,0.22,15.99,
30/09/2023,BPAYWALLET,0.19,42.31,0,0,0,0,0,0,0.19,42.31,
30/09/2023,HSBC Bank Apps,0.16,101.08,0,0.12,0,0,0,0,0.16,101.2,
30/09/2023,Tamilnad Mercantile Bank Apps,0.1,26.99,0,0,0,0,0,0,0.1,26.99,
30/09/2023,TataNeu,0.09,14.82,0,0,0,0,0,0,0.09,14.82,
30/09/2023,Fave,0.09,6.34,0,0,0,0,0,0,0.09,6.34,
31/10/2023,Airtel Payments Bank Apps,11.32,778.26,0,0,0,0,0.31,32.39,11.62,810.65,
31/10/2023,Allahabad Bank Apps,0.03,7.3,0,0,0,0,-,-,0.03,7.3,
31/10/2023,Amazon Pay,54.39,"6,297.17",0,0,0,0,-,-,54.39,"6,297.17",
31/10/2023,AU Small Finance Bank Apps,0.71,235.99,0,0,0,0,-,-,0.71,235.99,
31/10/2023,Axis Bank Apps,12.1,"2,202.41",62.24,"2,721.47",0.08,7.63,-,-,74.42,"4,931.50",
31/10/2023,Bajaj Finserv,14.19,"2,373.17",0,0,0,0,-,-,14.19,"2,373.17",
31/10/2023,Bajaj Finserv PPI,0.23,48.79,0,0,0,0,-,-,0.23,48.79,
31/10/2023,Bank of Baroda Apps,0.93,393.21,0,0,0,4.28,-,-,0.93,397.49,
31/10/2023,Bank of India Apps,0.27,93.46,0,0,0,0,-,-,0.27,93.46,
31/10/2023,Bank of Maharashtra Apps,0.06,10.85,0,0,0,0,-,-,0.06,10.85,
31/10/2023,BHIM,25.74,"8,174.71",0,0,0,0,-,-,25.74,"8,174.71",
31/10/2023,Canara Bank Apps,2.21,665.24,0,0,0.01,0.19,-,-,2.22,665.43,
31/10/2023,Central Bank of India Apps,0.52,114.69,0,0,0,0.24,-,-,0.52,114.94,
31/10/2023,Citi Bank Apps,0.08,66.07,0,0,0,0,-,-,0.08,66.07,
31/10/2023,City Union Bank Apps,0.07,21.55,0,0,0,0,-,-,0.07,21.55,
31/10/2023,Cred,94.52,"34,691.49",0,0,0,0,-,-,94.52,"34,691.49",
31/10/2023,DBS Digibank Apps,0.5,197.14,0,0,0,0.56,-,-,0.51,197.7,
31/10/2023,Deutsche Bank Apps,2.37,350.45,0,0,0,0.02,-,-,2.37,350.47,
31/10/2023,Dhani PPI,0.02,1.49,0,0,0,0,-,-,0.02,1.49,
31/10/2023,Digikhata PPI,0.04,15.33,0,0,0,0,-,-,0.04,15.33,
31/10/2023,Equitas Small Finance Bank Apps,0.03,21.65,0,0,0,0,-,-,0.03,21.65,
31/10/2023,Fampay PPI,27.54,314.13,0,0,0,0,-,-,27.54,314.13,
31/10/2023,Fave,0.11,10.38,0,0,0,0,-,-,0.11,10.38,
31/10/2023,Federal Bank Apps,5.89,720.68,0,0,0,0,-,-,5.89,720.68,
31/10/2023,Fino Payments bank Apps,0.27,20.01,0,0,0,0,-,-,0.27,20.01,
31/10/2023,GoKiwi,0.76,79.21,0,0,0,0,-,-,0.76,79.21,
31/10/2023,Google Pay,"4,139.92","589,299.18",0,0,0,0,-,-,"4,139.92","589,299.18",
31/10/2023,Groww,5.89,"3,354.83",0,0,0,0,-,-,5.89,"3,354.83",
31/10/2023,HDFC Bank Apps,21.35,"5,453.76",0,0,0,0,-,-,21.35,"5,453.76",
31/10/2023,HSBC Bank Apps,0.18,105.98,0,0.08,0,0,-,-,0.18,106.07,
31/10/2023,ICICI Bank Apps,27.54,"11,273.30",4.82,437.19,6.52,"9,607.29",-,-,38.88,"21,317.78",
31/10/2023,IDBI Bank Apps,0.07,36.89,0,0,0,0,-,-,0.07,36.89,
31/10/2023,IDFC Bank Apps,5.26,"1,312.45",0,0,0,0.01,-,-,5.26,"1,312.46",
31/10/2023,India Post Payments Bank Apps,5.54,464.95,0,0,0,0,-,-,5.54,464.95,
31/10/2023,Indian Bank Apps,0.36,90.37,0,0,0,20.56,-,-,0.36,110.93,
31/10/2023,Indian Overseas Bank Apps,0.09,23.85,0,0,0,0,-,-,0.09,23.85,
31/10/2023,IndusInd Bank Apps,1.07,217.98,0,0,0,0,-,-,1.07,217.98,
31/10/2023,Jammu and Kashmir Bank Apps,0.01,3.39,0,0,0,0,-,-,0.01,3.39,
31/10/2023,Jio Payments Bank Apps,1.35,112.84,0,0,0,0,-,-,1.35,112.84,
31/10/2023,Jupiter,4.45,571.06,0,0,0,0,-,-,4.45,571.06,
31/10/2023,Karnataka Bank Apps,0.69,138.58,0,0,0,0,-,-,0.69,138.58,
31/10/2023,Karur Vysya Bank Apps,0.04,16.95,0,0,0,0,-,-,0.04,16.95,
31/10/2023,Kotak Mahindra Bank Apps,23.83,"4,205.76",0,0,0,0,-,-,23.83,"4,205.77",
31/10/2023,MakeMyTrip,0.04,21.47,0,0,0,0,-,-,0.04,21.47,
31/10/2023,Mobikwik,4.43,"1,378.88",0,0,0,0,-,-,4.43,"1,378.88",
31/10/2023,Mobikwik PPI,0.02,2.15,0,0,0,0,-,-,0.02,2.15,
31/10/2023,Navi,0.53,33.92,0,0,0,0,-,-,0.53,33.92,
31/10/2023,NSDL Payments Bank Apps,0.04,5.79,0,0,0,0,-,-,0.04,5.79,
31/10/2023,Omnicard PPI,1.2,45.9,0,0,0,0,-,-,1.2,45.9,
31/10/2023,Paytm Payments Bank App,"1,417.81","167,819.30",3.36,6.88,0.74,"1,244.89",122.51,"23,903.73","1,544.41","192,974",
30/11/2023,PhonePe,5281.68,"854,939.06",0,0,0,0,-,-,5281.68,"854,939.06",
30/11/2023,Google Pay,4099.08,"599,748.64",0,0,0,0,-,-,4099.08,"599,748.64",
30/11/2023,Paytm Payments Bank App,1360.45,"166,257.62",4.68,8,0.73,1314.75,113.61,23569.92,1479.47,"191,150.29",
30/11/2023,Cred,93.31,"34,541.32",0,0,0,0,-,-,93.31,"34,541.32",
30/11/2023,Axis Bank Apps,11.52,"2,305.08",54.43,1453.3,0.07,7.27,-,-,66.02,"3,765.68",
30/11/2023,Amazon Pay,48.62,"5,737.75",0,0,0,0,-,-,48.62,"5,737.75",
30/11/2023,ICICI Bank Apps,27.41,"11,134.92",4.79,456.4,8.55,12088.53,-,-,40.75,"23,679.82",
30/11/2023,Fampay,28.43,336.92,0,0,0,0,-,-,28.43,336.92,
30/11/2023,Yes Bank Apps,25.77,"11,004.32",0,0,0.28,66.93,-,-,26.06,"11,071.25",
30/11/2023,Kotak Mahindra Bank Apps,23.88,"4,341.61",0,0,0,0,-,-,23.88,"4,341.61",
30/11/2023,BHIM,23.49,"7,957.46",0,0,0,0,-,-,23.49,"7,957.46",
30/11/2023,WhatsApp,22.29,"1,917.47",0,0,0,0,-,-,22.29,"1,917.47",
30/11/2023,HDFC Bank Apps,20.68,"5,511.35",0,0,0,0,-,-,20.68,"5,511.35",
30/11/2023,Bajaj Finserv,15.95,"2,406.06",0,0,0,0,-,-,15.95,"2,406.06",
30/11/2023,Airtel Payments Bank Apps,11.06,795.35,0,0,0,0,0.28,31.71,11.34,827.06,
30/11/2023,Samsung Pay,5.84,557.36,0,0,0,0,-,-,5.84,557.36,
30/11/2023,Federal Bank Apps,5.51,698.05,0,0,0,0.01,-,-,5.51,698.06,
30/11/2023,State Bank of India Apps,5.36,"2,162.43",0,0,0.02,0.66,-,-,5.38,"2,163.09",
30/11/2023,India Post Payments Bank Apps,5.27,532.66,0,0,0,0,-,-,5.27,532.66,
30/11/2023,IDFC Bank Apps,4.96,"1,306.91",0,0,0,0,-,-,4.96,"1,306.91",
30/11/2023,Groww,4.59,"2,528.81",0,0,0,0,-,-,4.59,"2,528.81",
30/11/2023,Mobikwik,4.52,"1,467.04",0,0,0,0,-,-,4.52,"1,467.04",
30/11/2023,Standard Chartered Bank Apps,3.82,262.18,0,0,0.57,244.75,-,-,4.39,506.93,
30/11/2023,Jupiter,4.29,577.81,0,0,0,0,-,-,4.29,577.81,
30/11/2023,Deutsche Bank Apps,3.26,268.83,0,0,0,0.02,-,-,3.26,268.85,
30/11/2023,Canara Bank Apps,2.29,667.04,0,0,0,0,-,-,2.29,667.04,
30/11/2023,RBL Bank Apps,1.85,621.67,0,0,0.37,18.3,-,-,2.23,639.97,
30/11/2023,slice,1.58,359.47,0,0,0,0,-,-,1.58,359.47,
30/11/2023,Jio Payments Bank Apps,1.26,117.05,0,0,0,0,-,-,1.26,117.05,
30/11/2023,Omnicard,1.09,37.85,0,0,0,0,-,-,1.09,37.85,
30/11/2023,Punjab National Bank Apps,1.04,214.29,0,0,0,0,-,-,1.04,214.29,
30/11/2023,Union Bank Apps,0.95,376.07,0,0,0,0,-,-,0.95,376.07,
30/11/2023,Bank of Baroda Apps,0.95,412.54,0,0,0,7.13,-,-,0.95,419.67,
30/11/2023,IndusInd Bank Apps,0.9,193.07,0,0,0,0,-,-,0.9,193.07,
30/11/2023,GoKiwi,0.76,93.99,0,0,0,0,-,-,0.76,93.99,
30/11/2023,SLICE,0.69,27.42,0,0,0,0,-,-,0.69,27.42,
30/11/2023,Karnataka Bank Apps,0.68,138.91,0,0,0,0.01,-,-,0.68,138.92,
30/11/2023,AU Small Finance Bank Apps,0.66,239.22,0,0,0,0,-,-,0.66,239.22,
30/11/2023,Navi,0.6,37.44,0,0,0,0,-,-,0.6,37.44,
30/11/2023,DBS Digibank Apps,0.52,196.26,0,0,0,0.61,-,-,0.52,196.87,
30/11/2023,Central Bank of India Apps,0.51,117.17,0,0,0,0.27,-,-,0.51,117.44,
30/11/2023,Indian Bank Apps,0.36,89.84,0,0,0,4.1,-,-,0.36,93.94,
30/11/2023,Fino Payments bank Apps,0.27,25,0,0,0,0,-,-,0.27,25,
30/11/2023,UCO Bank Apps,0.26,81.93,0,0,0,0,-,-,0.26,81.93,
30/11/2023,Bajaj Pay Wallet,0.26,62.02,0,0,0,0,-,-,0.26,62.02,
30/11/2023,South Indian Bank Apps,0.25,74.07,0,0,0,0,-,-,0.25,74.07,
30/11/2023,Bank of India Apps,0.24,88.76,0,0,0,0,-,-,0.24,88.76,
30/11/2023,HSBC Bank Apps,0.18,110.45,0,0.1,0,0,-,-,0.18,110.56,
30/11/2023,INDIE - Indus Ind,0.16,30.77,0,0,0,0,-,-,0.16,30.77,
30/11/2023,Tamilnad Mercantile Bank Apps,0.1,29.13,0,0,0,0,-,-,0.1,29.13,
31/12/2023,PhonePe,5642.66,"9,01,006.65",0,0,0,0,0,0,5642.66,"9,01,006.65",
31/12/2023,Google Pay,4375.29,"6,29,285.36",0,0,0,0,0,0,4375.29,"6,29,285.36",
31/12/2023,Paytm Payments Bank App,1442.58,"1,65,694.96",4.38,8.39,0.75,1342.34,125.89,"24,510.03",1573.61,"1,91,555.71",
31/12/2023,Cred,105.31,"37,293.27",0,0,0,0,0,0,105.31,"37,293.27",
31/12/2023,Axis Bank Apps,13.29,"2,657.21",73.58,3439.12,0.03,3.68,0,0,86.9,"6,100.01",
31/12/2023,Amazon Pay,54.16,"5,982.84",0,0,0,0,0,0,54.16,"5,982.84",
31/12/2023,ICICI Bank Apps,28.73,"11,167.31",4.46,534.86,6.9,9182.39,0,0,40.09,"20,884.56",
31/12/2023,Fampay,34.23,392.53,0,0,0,0,0,0,34.23,392.53,
31/12/2023,Yes Bank Apps,27.99,"12,305.58",0,0,0.37,63.28,0,0,28.37,"12,368.87",
31/12/2023,Kotak Mahindra Bank Apps,26.36,"4,738.20",0,0,0,0,0,0,26.36,"4,738.20",
31/12/2023,WhatsApp,25.25,"2,113.01",0,0,0,0,0,0,25.25,"2,113.01",
31/12/2023,BHIM,24.3,"8,431.47",0,0,0,0,0,0,24.3,"8,431.47",
31/12/2023,HDFC Bank Apps,23.68,"6,095.52",0,0,0,0.03,0,0,23.68,"6,095.54",
31/12/2023,Bajaj Finserv,18.08,"2,580.43",0,0,0,0,0,0,18.08,"2,580.43",
31/12/2023,Airtel Payments Bank Apps,12.26,851.64,0,0,0,0,0.28,31.71,12.54,883.36,
31/12/2023,Groww,6.58,"4,039.81",0,0,0,0,0,0,6.58,"4,039.81",
31/12/2023,State Bank of India Apps,6.13,"2,362.05",0,0,0.03,0.85,0,0,6.16,"2,362.90",
31/12/2023,Samsung Pay,6.08,557.26,0,0,0,0,0,0,6.08,557.26,
31/12/2023,Federal Bank Apps,5.95,745.4,0,0,0,0.01,0,0,5.95,745.41,
31/12/2023,IDFC Bank Apps,5.24,"1,306.50",0,0,0,0,0,0,5.24,"1,306.50",
31/12/2023,Mobikwik,4.95,"1,580.30",0,0,0,0,0,0,4.95,"1,580.30",
31/12/2023,India Post Payments Bank Apps,4.87,454.5,0,0,0,0,0,0,4.87,454.5,
31/12/2023,Jupiter,4.86,656.67,0,0,0,0,0,0,4.86,656.67,
31/12/2023,Deutsche Bank Apps,3.71,223.34,0,0,0,0.03,0,0,3.71,223.36,
31/12/2023,Standard Chartered Bank Apps,3.17,249.27,0,0,0.47,157.36,0,0,3.63,406.63,
31/12/2023,Canara Bank Apps,2.55,719.5,0,0,0,0,0,0,2.55,719.5,
31/12/2023,RBL Bank Apps,1.93,697.43,0,0.01,0.21,55.79,0,0,2.14,753.23,
31/12/2023,slice,1.96,403.07,0,0,0,0,0,0,1.96,403.07,
31/12/2023,Jio Payments Bank Apps,1.35,125.06,0,0,0,0,0,0,1.35,125.06,
31/12/2023,Punjab National Bank Apps,1.26,276.47,0,0,0,0,0,0,1.26,276.47,
31/12/2023,Omnicard,1.16,36.26,0,0,0,0,0,0,1.16,36.26,
31/12/2023,Bank of Baroda Apps,1.05,453.4,0,0,0,10.68,0,0,1.05,464.08,
31/12/2023,IndusInd Bank Apps,1.05,203.58,0,0,0,0,0,0,1.05,203.58,
31/12/2023,Union Bank Apps,1.02,405.74,0,0,0,0,0,0,1.02,405.74,
31/12/2023,SLICE,0.95,32.65,0,0,0,0,0,0,0.95,32.65,
31/12/2023,DBS Digibank Apps,0.78,245.47,0,0,0,1.47,0,0,0.79,246.94,
31/12/2023,GoKiwi,0.77,104.27,0,0,0,0,0,0,0.77,104.27,
31/12/2023,Karnataka Bank Apps,0.72,144.87,0,0,0,0.01,0,0,0.72,144.89,
31/12/2023,Navi,0.69,43.86,0,0,0,0,0,0,0.69,43.86,
31/12/2023,AU Small Finance Bank Apps,0.68,252.89,0,0,0,0,0,0,0.68,252.89,
31/12/2023,Central Bank of India Apps,0.58,136.84,0,0,0,0,0,0,0.58,136.84,
31/12/2023,Indian Bank Apps,0.4,98.27,0,0,0,8.79,0,0,0.4,107.06,
31/12/2023,Shriram One,0.33,19.47,0,0,0,0,0,0,0.33,19.47,
31/12/2023,Bajaj Pay Wallet,0.32,72.38,0,0,0,0,0,0,0.32,72.38,
31/12/2023,South Indian Bank Apps,0.3,86.96,0,0,0,0,0,0,0.3,86.96,
31/12/2023,Bank of India Apps,0.29,103.82,0,0,0,0,0,0,0.29,103.82,
31/12/2023,UCO Bank Apps,0.29,94.81,0,0,0,0,0,0,0.29,94.81,
31/12/2023,Mobikwik,0.28,38.53,0,0,0,0,0,0,0.28,38.53,
31/12/2023,Fino Payments bank Apps,0.27,26.7,0,0,0,0,0,0,0.27,26.7,
31/12/2023,INDIE - Indus Ind,0.2,35.32,0,0,0,0,0,0,0.2,35.32,
31/01/2024,PhonePe,5734.54,"9,06,793.76",0,0,0,0,0,0,5734.54,"9,06,793.76",
31/01/2024,Google Pay,4442.86,"6,35,945.58",0,0,0,0,0,0,4442.86,"6,35,945.58",
31/01/2024,Paytm Payments Bank App,1442.41,"1,64,333.33",3.98,8.32,0.72,1291.06,122.53,"26,982.03",1569.63,"1,92,614.74",
31/01/2024,Cred,108.86,"38,229.82",0,0,0,0,0,0,108.86,"38,229.82",
31/01/2024,Axis Bank Apps,13.31,"2,775.63",66.84,2943.22,0.02,2.72,0,0,80.17,"5,721.57",
31/01/2024,Amazon Pay,59.48,"6,288.95",0,0,0,0,0,0,59.48,"6,288.95",
31/01/2024,ICICI Bank Apps,28.93,"12,995.05",4.68,527.09,7.01,10593.84,0,0,40.62,"24,115.98",
31/01/2024,FAM,36.62,418.33,0,0,0,0,0,0,36.62,418.33,
31/01/2024,HDFC Bank Apps,25.05,"5,458.04",5.92,17.83,0,0.08,0,0,30.98,"5,475.95",
31/01/2024,BHIM,29.98,"8,778.61",0,0,0,0,0,0,29.98,"8,778.61",
31/01/2024,Kotak Mahindra Bank Apps,28.24,"4,981.01",0,0,0,0,0,0,28.24,"4,981.01",
31/01/2024,WhatsApp,26.08,"2,132.83",0,0,0,0,0,0,26.08,"2,132.83",
31/01/2024,Yes Bank Apps,23.01,"11,585.54",0,0,0.27,33.23,0,0,23.28,"11,618.77",
31/01/2024,Bajaj Finserv,19.87,"2,737.66",0,0,0,0,0,0,19.87,"2,737.66",
31/01/2024,Airtel Payments Bank Apps,13.24,902.32,0,0,0,0.08,0,0.03,13.24,902.43,
31/01/2024,Groww,9.41,"6,540.35",0,0,0,0,0,0,9.41,"6,540.35",
31/01/2024,State Bank of India Apps,6.1,"2,425.87",0,0,0.03,0.87,0,0,6.13,"2,426.73",
31/01/2024,Samsung Pay,5.73,518.32,0,0,0,0,0,0,5.73,518.32,
31/01/2024,IDFC Bank Apps,5.47,"1,448.50",0,0,0,0,0,0,5.47,"1,448.50",
31/01/2024,Federal Bank Apps,5.33,674.05,0,0,0,0,0,0,5.33,674.05,
31/01/2024,Mobikwik,5.19,"1,625.48",0,0,0,0,0,0,5.19,"1,625.48",
31/01/2024,Jupiter,4.97,665.54,0,0,0,0,0,0,4.97,665.54,
31/01/2024,India Post Payments Bank Apps,4.69,461.95,0,0,0,0,0,0,4.69,461.95,
31/01/2024,Deutsche Bank Apps,3.89,294.6,0,0,0,0.03,0,0,3.89,294.63,
31/01/2024,Standard Chartered Bank Apps,2.61,195.77,0,0,1.07,550.69,0,0,3.68,746.46,
31/01/2024,RBL Bank Apps,3.15,739.53,0,0.03,0.2,46.97,0,0,3.35,786.52,
31/01/2024,Canara Bank Apps,2.62,758.31,0,0,0,0,0,0,2.62,758.31,
31/01/2024,slice,2.01,407.98,0,0,0,0,0,0,2.01,407.98,
31/01/2024,Jio Payments Bank Apps,1.51,137.62,0,0,0,0,0,0,1.51,137.62,
31/01/2024,Punjab National Bank Apps,1.32,335.6,0,0,0,0,0,0,1.32,335.6,
31/01/2024,Indian Bank Apps,1.29,311.48,0,0,0,10.91,0,0,1.29,322.39,
31/01/2024,SLICE,1.26,41.97,0,0,0,0,0,0,1.26,41.97,
31/01/2024,Omnicard,1.15,37.16,0,0,0,0,0,0,1.15,37.16,
31/01/2024,Bank of Baroda Apps,1.14,505.93,0,0,0,10.66,0,0,1.14,516.58,
31/01/2024,Union Bank Apps,1.11,451.7,0,0,0,0,0,0,1.11,451.7,
31/01/2024,Navi,0.96,54.5,0,0,0,0,0,0,0.96,54.5,
31/01/2024,Gokiwi,0.74,105.76,0,0,0,0,0,0,0.74,105.76,
31/01/2024,DBS Digibank Apps,0.7,252.85,0,0,0,1.8,0,0,0.7,254.66,
31/01/2024,Karnataka Bank Apps,0.67,144.11,0,0,0,0,0,0,0.67,144.11,
31/01/2024,AU Small Finance Bank Apps,0.66,259.49,0,0,0,0,0,0,0.66,259.49,
31/01/2024,Central Bank of India Apps,0.63,150.41,0,0,0,0,0,0,0.63,150.41,
31/01/2024,Shriram One,0.59,31.86,0,0,0,0,0,0,0.59,31.86,
31/01/2024,FIFEDERAL,0.47,57.15,0,0,0,0,0,0,0.47,57.15,
31/01/2024,BPAYWALLET,0.43,88.49,0,0,0,0,0,0,0.43,88.49,
31/01/2024,MBK,0.39,57.77,0,0,0,0,0,0,0.39,57.77,
31/01/2024,South Indian Bank Apps,0.33,105.23,0,0,0,0,0,0,0.33,105.23,
31/01/2024,Bank of India Apps,0.29,108.18,0,0,0,0,0,0,0.29,108.18,
29/02/2024,PhonePe,6140.97,"9,67,467.18",0,0,0,0,0,0,6140.97,"9,67,467.18",
29/02/2024,Google Pay,4755.4,"6,71,539.96",0,0,0,0,0,0,4755.4,"6,71,539.96",
29/02/2024,Paytm Payments Bank App,1332.57,"1,51,044.10",0.17,0.09,0.58,1032.58,72.36,"13,291.98",1405.69,"1,65,368.76",
29/02/2024,Cred,118.77,"40,525.56",0,0,0,0,0,0,118.77,"40,525.56",
29/02/2024,Axis Bank Apps,12.43,"2,855.72",71.59,6819.21,0.01,2.07,0,0,84.04,"9,677.00",
29/02/2024,Amazon Pay,63.53,"6,611.88",0,0,0,0,0,0,63.53,"6,611.88",
29/02/2024,BHIM,58.84,"9,486.38",0,0,0,0,0,0,58.84,"9,486.38",
29/02/2024,HDFC Bank Apps,28.7,"6,569.78",24.11,72.32,0,0.13,0,0,52.81,"6,642.24",
29/02/2024,ICICI Bank Apps,30.66,"10,972.99",4.49,437.57,5.99,9189.03,0,0,41.14,"20,599.59",
29/02/2024,FAM,40.41,459.81,0,0,0,0,0,0,40.41,459.81,
29/02/2024,Kotak Mahindra Bank Apps,33.55,"5,389.33",0,0,0,0,0,0,33.55,"5,389.33",
29/02/2024,WhatsApp,28.48,"2,301.72",0,0,0,0,0,0,28.48,"2,301.72",
29/02/2024,Yes Bank Apps,22.67,"12,060.81",0,0,0.35,37.8,0,0,23.02,"12,098.61",
29/02/2024,Bajaj Finserv,20.06,"3,045.93",0,0,0,0,0,0,20.06,"3,045.93",
29/02/2024,Airtel Payments Bank Apps,14.98,"1,086.87",0,0,0,0.18,0,0.07,14.98,"1,087.11",
29/02/2024,State Bank of India Apps,6.59,"2,476.42",0,0,0.04,1.14,0,0,6.63,"2,477.56",
29/02/2024,Mobikwik,6.04,"1,793.27",0,0,0,0,0,0,6.04,"1,793.27",
29/02/2024,Groww,5.98,"3,102.61",0,0,0,0,0,0,5.98,"3,102.61",
29/02/2024,Samsung Pay,5.98,520.06,0,0,0,0,0,0,5.98,520.06,
29/02/2024,IDFC Bank Apps,5.98,"1,543.55",0,0,0,0,0,0,5.98,"1,543.55",
29/02/2024,India Post Payments Bank Apps,5.69,634.79,0,0,0,0,0,0,5.69,634.79,
29/02/2024,Jupiter,5.32,699.58,0,0,0,0,0,0,5.32,699.58,
29/02/2024,Standard Chartered Bank Apps,3.4,687.84,0,0,0.99,942.77,0,0,4.4,"1,630.61",
29/02/2024,Federal Bank Apps,3.78,499.96,0,0,0,0,0,0,3.78,499.96,
29/02/2024,Deutsche Bank Apps,3.67,416.34,0,0,0,0.03,0,0,3.67,416.37,
29/02/2024,Canara Bank Apps,2.97,784.63,0,0,0,0,0,0,2.97,784.63,
29/02/2024,RBL Bank Apps,2.71,504.34,0,0.01,0.21,90.94,0,0,2.92,595.29,
29/02/2024,slice,2.42,427.52,0,0,0,0,0,0,2.42,427.52,
29/02/2024,FIFEDERAL,2.33,254.61,0,0,0,0,0,0,2.33,254.61,
29/02/2024,SLICE,1.82,58.02,0,0,0,0,0,0,1.82,58.02,
29/02/2024,Jio Payments Bank Apps,1.74,153.72,0,0,0,0,0,0,1.74,153.72,
29/02/2024,Indian Bank Apps,1.67,347.07,0,0,0.01,52.73,0,0,1.67,399.8,
29/02/2024,Navi,1.54,72.88,0,0,0,0,0,0,1.54,72.88,
29/02/2024,Punjab National Bank Apps,1.45,381.26,0,0,0,0,0,0,1.45,381.26,
29/02/2024,Union Bank Apps,1.27,505.68,0,0,0,0,0,0,1.27,505.68,
29/02/2024,Omnicard,1.22,40.6,0,0,0,0,0,0,1.22,40.6,
29/02/2024,Bank of Baroda Apps,0.78,367.55,0,0,0,11.05,0,0,0.78,378.6,
29/02/2024,AU Small Finance Bank Apps,0.78,292.2,0,0,0,0,0,0,0.78,292.2,
29/02/2024,Central Bank of India Apps,0.77,175.42,0,0,0,0,0,0,0.77,175.42,
29/02/2024,Mobikwik,0.62,82.63,0,0,0,0,0,0,0.62,82.63,
29/02/2024,Gokiwi,0.59,86,0,0,0,0,0,0,0.59,86,
29/02/2024,DBS Digibank Apps,0.59,214.68,0,0,0,0.15,0,0,0.59,214.83,
29/02/2024,BPAYWALLET,0.56,110.59,0,0,0,0,0,0,0.56,110.59,
29/02/2024,Timepay,0.47,4.36,0,0,0,0,0,0,0.47,4.36,
29/02/2024,Karnataka Bank Apps,0.43,89.84,0,0,0,0,0,0,0.43,89.84,
29/02/2024,South Indian Bank Apps,0.38,109.78,0,0,0,0,0,0,0.38,109.78,
29/02/2024,SHRIRAMHDFCBANK,0.38,32.53,0,0,0,0,0,0,0.38,32.53,
31/03/2024,PhonePe,"6,502.15","10,02,387.84",0,0,0,0,0,0,"6,502.15","10,02,387.84",
31/03/2024,Google Pay,"5,061.18","6,95,196.05",0,0,0,0,0,0,"5,061.18","6,95,196.05",
31/03/2024,Paytm,"1,210.64","1,33,707.06",0,0.01,0,0,19.4,699.77,"1,230.04","1,34,406.85",
31/03/2024,Cred,132.31,"44,991.57",0,0,0,0,0,0,132.31,"44,991.57",
31/03/2024,Axis Bank Apps,13.59,"3,044.92",81,"4,389.01",0.01,1.99,0,0,94.6,"7,435.92",
31/03/2024,Amazon Pay,65.35,6772.89,0,0,0,0,0,0,65.35,"6,772.89",
31/03/2024,ICICI Bank Apps,33.54,"14,491.28",4.54,397.58,7.9,"11,608.08",0,0,45.98,"26,496.95",
31/03/2024,Fampay,43.69,528.01,0,0,0,0,0,0,43.69,528.01,
31/03/2024,Kotak Mahindra Bank Apps,39.14,"5,763.37",0,0,0,0,0,0,39.14,"5,763.37",
31/03/2024,HDFC Bank Apps,33.07,"7,289.09",1.95,3.72,0.01,0.26,0,0,35.03,"7,293.07",
31/03/2024,WhatsApp,31.21,"2,536.99",0,0,0,0,0,0,31.21,"2,536.99",
31/03/2024,BHIM,30.04,"8,339.37",0,0,0,0,0,0,30.04,"8,339.37",
31/03/2024,Yes Bank Apps,24.13,"13,833.30",0,0,0.32,35.8,0,0,24.45,"13,869.10",
31/03/2024,Airtel Payments Bank Apps,15.64,"1,162.62",0,0,0,0.2,0.37,44.2,16.01,"1,207.02",
31/03/2024,Bajaj Finserv,15.81,"2,803.20",0,0,0,0,0,0,15.81,"2,803.20",
31/03/2024,Mobikwik,8.27,"2,190.01",0,0,0,0,0,0,8.27,"2,190.01",
31/03/2024,India Post Payments Bank Apps,6.82,851.01,0,0,0,0,0,0,6.82,851.01,
31/03/2024,Groww,6.72,"3,539.14",0,0,0,0,0,0,6.72,"3,539.14",
31/03/2024,State Bank of India Apps,6.59,"2,394.79",0,0,0.04,1.08,0,0,6.63,"2,395.88",
31/03/2024,IDFC Bank Apps,6.41,"1,581.28",0,0,0,0,0,0,6.41,"1,581.28",
31/03/2024,Samsung Pay,6.24,530.8,0,0,0,0,0,0,6.24,530.8,
31/03/2024,Jupiter,5.57,709.07,0,0,0,0,0,0,5.57,709.07,
31/03/2024,Flipkart,5,197.24,0,0,0,0,0,0,5,197.24,
31/03/2024,Deutsche Bank Apps,3.3,453.57,0,0,0,0.02,0,0,3.3,453.59,
31/03/2024,Federal Bank Apps,6.11,806.45,0,0,0,0.01,0,0,6.11,806.46,
31/03/2024,Canara Bank Apps,3.1,798.84,0,0,0,0,0,0,3.1,798.84,
31/03/2024,Navi,3,94.29,0,0,0,0,0,0,3,94.29,
31/03/2024,Slice,5.22,538.12,0,0,0,0,0,0,5.22,538.12,
31/03/2024,Jio Payments Bank Apps,1.87,161.87,0,0,0,0,0,0,1.87,161.87,
31/03/2024,Indian Bank Apps,1.85,340.92,0,0,0.01,43.86,0,0,1.86,384.79,
31/03/2024,RBL Bank Apps,1.56,366.34,0,0.02,0.27,99.89,0,0,1.83,466.25,
31/03/2024,Punjab National Bank Apps,1.67,411.13,0,0,0,0,0,0,1.67,411.13,
31/03/2024,Timepay,1.37,18.5,0,0,0,0.02,0,0,1.37,18.52,
31/03/2024,Union Bank Apps,1.35,517.15,0,0,0,0.01,0,0,1.35,517.16,
31/03/2024,Omnicard,1.29,44.84,0,0,0,0,0,0,1.29,44.84,
31/03/2024,Bank of Baroda Apps,0.95,419.08,0,0,0,7.73,0,0,0.95,426.81,
31/03/2024,Central Bank of India Apps,0.86,195.46,0,0,0,0,0,0,0.86,195.46,
31/03/2024,AU Small Finance Bank Apps,0.78,279.91,0,0,0,0,0,0,0.78,279.91,
31/03/2024,Gokiwi,0.7,100.1,0,0,0,0,0,0,0.7,100.1,
31/03/2024,DBS Digibank Apps,0.51,202.89,0,0,0,0.29,0,0,0.51,203.18,
31/03/2024,Shriram One,0.48,38.71,0,0,0,0,0,0,0.48,38.71,
31/03/2024,South Indian Bank Apps,0.4,120.88,0,0,0,0,0,0,0.4,120.88,
31/03/2024,Fino Payments bank Apps,0.39,50.97,0,0,0,0,0,0,0.39,50.97,
31/03/2024,IndusInd Bank Apps,0.33,58.42,0,0,0,0.12,0,0,0.33,58.53,
31/03/2024,HSBC Bank Apps,0.31,138.16,0,0.06,0,0,0,0,0.31,138.22,
31/03/2024,TataNeu,0.25,25.46,0,0,0,0,0,0,0.25,25.46,
31/03/2024,Bank of India Apps,0.2,78.81,0,0,0,0,0,0,0.2,78.81,
31/03/2024,Standard Chartered Bank Apps,0.19,115.77,0,0,0,1.11,0,0,0.19,116.88,
31/03/2024,Dhani,0.19,5.98,0,0,0,0,0,0,0.19,5.98,
31/03/2024,UCO Bank Apps,0.18,56.32,0,0,0,0,0,0,0.18,56.32,
